crash_record_id,date,url,title,site,description,priority
c24d687c138d3e2f322f5a14ccc9ed66e1ba8237ca46a1bba06b703b45aea59b98ae2286e4b1ee47a760fdbd21962b3a27346694ebf02efa4de7470492af25e1,2018-01-04T00:30:29Z,https://abc7chicago.com/post/2-critically-injured-in-ashburn-multi-vehicle-crash/2857381/,2 critically injured in Ashburn multi-vehicle crash,ABC 7 Chicago,"Two people were critically injured in a multi-vehicle crash in Chicago's Ashburn neighborhood involving at least two vehicles and a semi, which caused a diesel spill.",
f3f8050df79a71122ed814e6867d8f75945f01a12336a64b119b731db5cc3612f53122d54ed79057c12acc74eaf8d2ff4d90de7cf5760d2b7fc52f20870a6e96,2018-01-13T03:10:41Z,https://abc7chicago.com/post/3-cousins-killed-in-fiery-far-south-side-crash/2933662/,3 cousins killed in fiery Far South Side crash,ABC 7 Chicago,"Three members of the same family were killed early Friday morning in fiery crash on Chicago's Far South Side. Three cousins, identified as Michael Battista, 48; Anthony Flores, 30; and Ralph Quiroz, 47, were pronounced dead at the scene.",
2d536788bbae64adc243c355768dca478e92161d20e96b9dd822ee49359e1e931cca4a4c83117974e5dbf1755743c465e30a8bb57efddba7fcd7199d643f25a7,2018-01-14T03:36:00+00:00,https://cwbchicago.com/2018/01/woman-dies-in-single-vehicle-crash-a.html,Woman Dies In Single-Vehicle Crash At Belmont/LSD,CWBChicago,"A woman was killed in a single-vehicle rollover crash near Belmont and Lake Shore Drive on Saturday afternoon, police said. The woman’s black vehicle was traveling in the right southbound lane when it slammed into the concrete abutment of the bridge over Belmont Avenue and rolled down an adjacent embankment,",
986684a2ed6fa4e33b6f8458ef6f53ca4d5b9a2f327bfba65a74df8dbfc544116021d29fe82f4f68d1ec192607d37e2c466eaf8ca6cbf63469f99d67c3b2e613,2018-01-24T06:33:00-0600,https://www.cbsnews.com/chicago/news/washington-park-crash/,"1 Killed, 1 Critically Injured In Washington Park Crash",CBS News,"The passenger, 25-year-old Cedrick Wright, was taken to St. Bernard Hospital, where he was pronounced dead at 10:58 a.m., according to police and the Cook County Medical Examiner's Office",
8297b90960581a6eeba388187655c4ca7ab4ea6275960f0d7b7d5063f9d09a50ae77f25dd611e1f36141e0e022c266e537cc1c85fa1ff18de44c1e0dc499ad05,2018-02-04T21:45:00Z,https://chicago.suntimes.com/2018/2/4/18348965/woman-43-killed-in-single-vehicle-crash-in-west-garfield-park,"Woman, 43, killed in single-vehicle crash in West Garfield Park",Chicago Sun-Times,"Melanie Victory was driving at 6:47 a.m. in the 4400 block of West Lake when her vehicle struck a pole, according to Chicago Police and the Cook County Medical Examiner’s Office. Victory was pronounced dead at Mount Sinai Hospital at 7:30 a.m., authorities said. She lived in the same neighborhood as the crash.",
43d4918650d7f05bb8aeb356e5eecd5e14610ce842678173c37bc81a9a5de561e8aa068bad8ec642ab3db98a81cee56de9d57fe650b488e8415e9b395a12fbdb,2018-02-12T21:44:00Z,https://chicago.suntimes.com/2018/2/12/18396462/man-charged-with-striking-68-year-old-man-with-car-in-logan-square,Man charged with striking 68-year-old man with car in Logan Square,Chicago Sun-Times,A man was charged with striking a 68-year-old man with a car last month as he walked in the Logan Square neighborhood on the Northwest Side.,
451e75925ceb65abd8f1bd804e7b75a7e57d7c935137a65db572d2d7a76809f616850bf6053c8ba460fbfd2498ec0d0f117fe7dca0e48806ed22b202a6628dd1,2018-02-20,https://www.smithandthomas.com/obituary/carl-bibbs,Obituary for Carl Bibbs at JOHNSON'S FUNERAL HOME,smithandthomas.com,"Carl Bibbs was born April 22, 1956 in Chicago, Illinois to the union of Annie Lucille and Lee Luster Bibbs. He was the third of five children. His father Lee Luster Bibbs and brother Darrien Bibbs preceded him in death. Carl attended Wells High School in Chicago, IL. Carl attended Wells High School in Chicago, IL. Carl met the love of his life, Debra, whom he passionately referred to as “Fluffy”.  They married on June 12, 1975 and to this union, one son, Frank Dion Bibbs was born. Carl retired from University of Illinois Hospital as a Hospital Service Worker in 2001.",
451e75925ceb65abd8f1bd804e7b75a7e57d7c935137a65db572d2d7a76809f616850bf6053c8ba460fbfd2498ec0d0f117fe7dca0e48806ed22b202a6628dd1,2018-02-22T21:17:00Z,https://chicago.suntimes.com/2018/2/22/18385525/man-61-dies-more-than-a-month-after-being-hit-by-vehicle-in-humboldt-park,"Man, 61, dies more than a month after being hit by vehicle in Humboldt Park",Chicago Sun-Times,"Carl Bibbs, 61, was struck by a vehicle Jan. 8 in the 3100 block of West Grand Avenue.",
508670c83bbc3a50b6effa995cd076e9b3eec060fd79868d2fa3b2dd6121672b13eef33b292a53885747e8892d23f7dd19ed9f8d810456bc6358805688dd0af7,2018-03-07T08:34:55-0600,https://www.cbsnews.com/chicago/news/chicago-lawn-semi-pedestrian/,"Woman Struck, Killed By Semi In Chicago Lawn",CBS News,"Police said two women were standing on the 6800 block of South Western Avenue and arguing shortly after midnight, when one of them ran out into traffic.",
fdd84df84cadb7e639b177a06068f95a6f35e367aba8eb6e8b4c4ad8d36b91bbd46d1a58ca49d674e6b74b4529fffcbfbb75ac2e5eb642203a578bf91fb66c7d,2018-03-10T15:24:00Z,https://chicago.suntimes.com/2018/3/10/18377820/man-dies-4-days-after-being-hurt-in-englewood-crash,Man dies 4 days after being hurt in Englewood crash,Chicago Sun-Times,Wyn Bradley died days after he was injured in a crash in the Englewood neighborhood on the South Side.,
73c5a30f3931080d0ad1de440142a1d46d3b612566c3ade590ee74410a379cf9b2e97a7eb5d32e534d0b01b6dd4546cc60993d342e14b521f963c0ff1fc64203,2018-03-12T19:05:00Z,https://chicago.suntimes.com/2018/3/12/18455522/woman-killed-man-critically-injured-in-englewood-crash,"Woman killed, man critically injured in Englewood crash",Chicago Sun-Times,"The 25-year-old woman, identified as Mattulia Robinson, was a passenger in a vehicle that crashed at 4:27 a.m. in the 700 block of West 69th Street.",
73c5a30f3931080d0ad1de440142a1d46d3b612566c3ade590ee74410a379cf9b2e97a7eb5d32e534d0b01b6dd4546cc60993d342e14b521f963c0ff1fc64203,2018-03-14T00:03:00Z,https://chicago.suntimes.com/2018/3/13/18329278/prosecutors-man-driving-80-mph-drunk-in-englewood-crash-that-killed-passenger,"Prosecutors: Man driving 80 mph, drunk in Englewood crash that killed passenger",Chicago Sun-Times,"Just before the crash, prosecutors said Cunningham was likely driving between 73 and 80 mph as he headed east on 69th Street toward Emerald Avenue.&nbsp;",
ac438e8769fba72d51fde446d16ce691020721afbb61c8dc56c1f7ab58b1550a6a75234bc9abb081a0afc75c4d9e7b0959781c2f87424c9de948fa9471272c05,2018-03-23T23:49:38+00:00,https://chi.streetsblog.org/2018/03/23/cta-bus-driver-fatally-struck-woman-in-grand-crossing-in-early-march,"CTA Bus Driver Killed Tasha Nicole Wilson, 37, in Grand Crossing in Early March",Chicago Streetsblog,"The operator was charged with failure to exercise due care for a pedestrian in the roadway. CTA spokesman Brian Steele stated that the bus had no passengers on board at the time of the crash, since the driver was heading to a bus garage.",
f7361f57177a3ee07e083ea599cd4c8947e185be0b6612e816cf970771ee219e1704a43c18f0ce544f9faf2786619320749161974df5f0b12153bffc50d749a0,2018-03-24T22:20:00Z,https://chicago.suntimes.com/2018/3/24/18328901/1-killed-3-injured-in-little-village-crash,"1 killed, 3 injured in Little Village crash",Chicago Sun-Times,34-year-old Enrique Ramirez Cisneros was killed and at least three others were injured Friday evening in a Little Village neighborhood crash on the Southwest Side.,
611326a11713d7b68beb2d642bbcca3446ce4e9366e2cbbda95e285a507d83e4969cd49df7403c565ad9adc018f8eda48b5a0dd767a926d85e7ff8f4eff7b49b,2018-03-25T19:40:00Z,https://chicago.suntimes.com/2018/3/25/18371782/man-dies-after-crashing-sedan-into-telephone-pole-in-hegewisch,Man dies after crashing sedan into telephone pole in Hegewisch,Chicago Sun-Times,"38-year-old Christopher Cardenas was traveling southbound in a sedan when he lost control of his vehicle and struck a telephone pole, police said.",
ae991966e7b45afb341045f7390a2fc1a83e2ad4ed22ad97c4b4f9022158c981c0437637b0e6a41dee16d3291861adf49c8ef663f40026236d72e6b416f59441,2018-03-26T14:56:00Z,https://chicago.suntimes.com/2018/3/26/18382955/2-killed-when-motorcycle-crashes-into-truck-in-archer-heights,2 killed when motorcycle crashes into truck in Archer Heights,Chicago Sun-Times,"Jason Richard Kenealy, 22, and 20-year-old Lindsey Morgan were both pronounced dead at the scene, police and the Cook County Medical Examiner’s Office said. They both lived in southwest suburban Plainfield.",
3794b8a1c290daedb0151126cd204ba98312bcc7f0bc5e5cc94e0d6be3b7b6a65ffe71944b3dd371358fd252e486a67cf7e6ba04f55cade4cf95c39729b26a86,2018-03-26T17:10:40+00:00,https://chi.streetsblog.org/2018/03/26/driver-fatally-strikes-woman-66-in-humboldt-park,"Driver Fatally Struck Teodola Rivera, 66, in Humboldt Park",Chicago Streetsblog,The victim was the 5th Chicago pedestrian fatality case of 2018.,
f7361f57177a3ee07e083ea599cd4c8947e185be0b6612e816cf970771ee219e1704a43c18f0ce544f9faf2786619320749161974df5f0b12153bffc50d749a0,2018-03-26T20:30:00Z,https://chicago.suntimes.com/2018/3/26/18328996/41-year-old-man-charged-with-fatal-little-village-crash,41-year-old man charged with fatal Little Village crash,Chicago Sun-Times,Octavio Navarro was driving the wrong way in the southbound lanes of the 2400 block of South Kostner when he crashed into three other vehicles.,
3794b8a1c290daedb0151126cd204ba98312bcc7f0bc5e5cc94e0d6be3b7b6a65ffe71944b3dd371358fd252e486a67cf7e6ba04f55cade4cf95c39729b26a86,2018-03-27,https://www.theisgorski.com/obituaries/Teodola-Rivera?obId=3107841,Obituary information for Teodola Rivera,theisgorski.com,"Teodola Rivera, 66, passed away on March 26, 2018 in Chicago, IL. She is survived by her three children, Rodrigo Arellano, Efrain Rivera and Eddie Rivera.",
3794b8a1c290daedb0151126cd204ba98312bcc7f0bc5e5cc94e0d6be3b7b6a65ffe71944b3dd371358fd252e486a67cf7e6ba04f55cade4cf95c39729b26a86,2018-03-28T14:18:00Z,https://chicago.suntimes.com/2018/3/28/18371855/woman-fatally-struck-by-vehicle-while-walking-in-hermosa-identified,Woman fatally struck by vehicle while walking in Hermosa identified,Chicago Sun-Times,"Teodola Rivera, 66, was struck by the vehicle at 4:57 a.m. in the 4100 block of West North, authorities said. The driver of the vehicle, a 67-year-old woman, was issued traffic citations for failure to reduce speed, failure to exercise due care upon the roadway and driving an uninsured vehicle, police said.",
8a94c9400d6eaec1c1278cb73ebf78844166e4dff38bd07094c47450b6a375caf7744cef7cbd3b1572074c58cb61e1225fa409596ea635d790998422882974e2,2018-04-06T05:05:00+00:00,https://www.chicagotribune.com/obituaries/dolores-m-sobczak-chicago-il/,"Dolores Sobczak Obituary - Chicago, IL",Chicago Tribune,"Dolores M. Sobczak nee Kazak; age 76; beloved daughter of Johanna and the late Stanley; loving mother of John, Mary Sobczak (Jose Ortiz), Karen Sobczak; devoted grandmother of Joyce, Victoria, and Michelle.",
8a94c9400d6eaec1c1278cb73ebf78844166e4dff38bd07094c47450b6a375caf7744cef7cbd3b1572074c58cb61e1225fa409596ea635d790998422882974e2,2018-04-07T02:29:31Z,https://abc7chicago.com/post/man-cited-in-avondale-parking-lot-crash-that-killed-1/3310950/,Man cited in Avondale parking lot crash that killed 1,ABC 7 Chicago,A man has been cited for reckless driving in a crash in an Avondale parking lot that killed one woman and seriously injured her mother.,
b7418dcce714ec2c87d2bc436d8ab85dd4defa7cb32a9f33c7f79e39ca0927a28dc43f88eb9fc005885e5ba1fc5bcc7aae66d8c830ef141c160e903303249858,2018-06-13,https://www.fox32chicago.com/news/man-lyft-driver-both-charged-with-dui-after-fatal-crash-near-humboldt-park,"Man, Lyft driver both charged with DUI after fatal crash near Humboldt Park",FOX 32 Chicago,"Police said Travis Anderson, 25, of Tempe, Arizona, was charged with a felony count of aggravated driving under the influence resulting in death and misdemeanor counts of driving under the influence; and 32-year-old Elizabeth Renter, of Lena, was taken to Mount Sinai Hospital in serious condition after the crash and subsequently charged with a misdemeanor count of driving under the influence of a drug. The collision killed 23-year-old passenger Anudari Bayaraa.
",
b7418dcce714ec2c87d2bc436d8ab85dd4defa7cb32a9f33c7f79e39ca0927a28dc43f88eb9fc005885e5ba1fc5bcc7aae66d8c830ef141c160e903303249858,2018-06-25T21:14:00Z,https://chicago.suntimes.com/2018/6/25/18419075/passenger-sues-lyft-both-drivers-after-fatal-dui-crash-near-humboldt-park,"Passenger sues Lyft, both drivers after fatal DUI crash near Humboldt Park",Chicago Sun-Times,"Abraham Vucekovich, who was hurt in a fatal, head-on DUI crash between a Lyft car and another car near Humboldt Park is suing the rideshare company and both drivers",
c3c4ae80c78444c591da8f818a04d28b73036afcda0cc2e982c115093983906f3d1ef3ffdb4f37dc1bb91553f26dcc4971a40a32c2abccaa09754583291319f9,2018-07-31T16:48:25+00:00,https://chi.streetsblog.org/2018/07/31/cyclist-killed-on-stony-island-where-alderman-hairston-blocked-protected-lanes,"Cyclist Killed on Stony Island, Where Aldermen Have Blocked Protected Lanes",Chicago Streetsblog,The driver who opened their door in cyclist Luster Jackson's path was not cited.,
dbb6436e1fece1cbf385c63b3a7252521d8eb5262683993f5ba6c7d8be503e1ebbc40aa17312a1ce1ee5c833669e208ecb9797466c321779f7a4bdab0fb342da,2018-08-09T16:02:06+00:00,https://chi.streetsblog.org/2018/08/09/right-turning-dump-truck-driver-fatally-struck-female-cyclist-39-in-greektown,"Right-Turning Dump Truck Driver Fatally Struck Angela Park, 39, in Greektown",Chicago Streetsblog,"Park was transported to Northwestern Hospital where she was pronounced dead at 7:33 a.m., according to the Cook County medical examiner’s office. The Sun-Times reported that a bike helmet and a broken pair of sunglasses were visible below the truck, which is owned by Lakeshore Recycling Systems. The driver was cited for striking a pedestrian in the roadway.
",
dbb6436e1fece1cbf385c63b3a7252521d8eb5262683993f5ba6c7d8be503e1ebbc40aa17312a1ce1ee5c833669e208ecb9797466c321779f7a4bdab0fb342da,2018-08-10T14:22:26+00:00,https://blockclubchicago.org/2018/08/10/athletic-club-instructor-mother-identified-as-woman-in-fatal-west-loop-bike-accident/,"Athletic Club Spin Instructor, Mother Identified As Woman In Fatal West Loop Bike Crash",Block Club Chicago,A 39-year-old woman who died after being hit by a dump truck while riding her bicycle in West Loop has been identified as a mother of two who worked as an athletic trainer.,
dbb6436e1fece1cbf385c63b3a7252521d8eb5262683993f5ba6c7d8be503e1ebbc40aa17312a1ce1ee5c833669e208ecb9797466c321779f7a4bdab0fb342da,2018-08-11,https://www.michalikfuneralhome.com/obituaries/angela-park,"Angela Kristine Park Obituary Aug 9, 2018",michalikfuneralhome.com,"While attending Northwestern, Angela began dabbling in the sport of triathlon. She has since completed upwards of 100 triathlons. She built her company, Spark Multisport, with the belief that adopting a healthy, active lifestyle starts with small changes and motivation. She helped all find his/her inner-athlete. When she was not running, biking, and swimming, she loved to travel and spend time with her husband and daughters.",
4943b55a57b3e44b30919d23201f955bd8ed5050c4c7ae56a0f054e4dc84ea8019374eaa9ebb3becff2dfaaf9d7213bf66231c09457a63baf0b562f38e85485e,2018-08-24T13:59:00Z,https://abc7chicago.com/post/man-fatally-struck-in-west-humboldt-park/4038974/,Man fatally struck in West Humboldt Park; police investigating as deadly hit-and-run,ABC 7 Chicago,Police are searching for a driver who struck and killed a man early Thursday morning at West Division Street and North Cicero Avenue in Chicago's West Humboldt Park neighborhood.,
a276a6213c6c4ec0e70eb0d540511513b934e31203259b4fbd38a4682dbb3441a16e5a0adcedcee2d78278efd3b6e76b005c01d1eec078a2f74d30332c6feb5c,2018-09-06T19:05:14+00:00,https://chi.streetsblog.org/2018/09/06/2-cyclists-critically-injured-in-2-days-highlights-need-for-more-dooring-awareness,2 Cyclists Killed and Critically Injured in 2 Days Shows Need for More Dooring Awareness,Chicago Streetsblog,"A state law was recently passed adding the ""Dutch Reach"" anti-dooring technique to the Illinois driver's manual, but more outreach is needed.",
4943b55a57b3e44b30919d23201f955bd8ed5050c4c7ae56a0f054e4dc84ea8019374eaa9ebb3becff2dfaaf9d7213bf66231c09457a63baf0b562f38e85485e,2018-09-07T16:18:21+00:00,https://blockclubchicago.org/2018/09/07/police-searching-for-driver-who-hit-and-killed-bicyclist-in-west-humboldt-park/,Police Searching For Driver Who Hit And Killed Bicyclist In West Humboldt Park,Block Club Chicago,Chicago Police are searching for a driver who hit and killed 42-year-old bicyclist Jimmy Lispier in West Humboldt Park last month.,
a276a6213c6c4ec0e70eb0d540511513b934e31203259b4fbd38a4682dbb3441a16e5a0adcedcee2d78278efd3b6e76b005c01d1eec078a2f74d30332c6feb5c,2018-09-09T20:28:00Z,https://chicago.suntimes.com/2018/9/9/18382496/bicyclist-dies-after-crash-with-open-car-door-in-arlington-heights,Bicyclist dies after crash with open car door in Arlington Heights,Chicago Sun-Times,"Glenn Richmond, 63, was taken to Lutheran General Hospital in Park Ridge, where he died at 5:31 p.m. Wednesday.",
239bb56a45c59854eb58e9ca154c19669fc9aa2fbbb1e6db05d63d94605b9e9f9877ef971370b1cb84d62d5f0693b2bb23ae4328a1d4792800d714c42951b75c,2018-09-24T13:28:09+00:00,https://blockclubchicago.org/2018/09/24/hit-and-run-driver-kills-pedestrian-67-in-north-park-police-say/,"Hit-And-Run Driver Kills Man, 67, In North Park, Police Say",Block Club Chicago,A 67-year-old man was killed when he was hit by car while standing on the corner of an intersection Sunday evening. At about 5:20 p.m.,
ac68658a1894e2e37e5f7e5445b798d3767aa3e8035713d036b590e3216221135cd81f2ba1fc437496c76e09b1f9c7dcf6a0e0bc0e76da0363d2f9d514869356,2018-09-25T17:08:05-0500,https://www.cbsnews.com/chicago/news/alberto-bocanegra-murder/,Friends Remember Man Murdered After Stepping In To Help Cyclist,CBS News,Police are searching tonight for the gunman who fatally shot a man who stood up for a bicyclist who was hit by a driver last night in the Greater Grand Crossing neighborhood.,
ac68658a1894e2e37e5f7e5445b798d3767aa3e8035713d036b590e3216221135cd81f2ba1fc437496c76e09b1f9c7dcf6a0e0bc0e76da0363d2f9d514869356,2018-09-25T20:05:52+00:00,https://blockclubchicago.org/2018/09/25/community-activist-shot-dead-after-chasing-driver-who-hit-cyclist/,Community Activist Shot Dead After Chasing Driver Who Hit Cyclist: 'He Died As A Hero',Block Club Chicago,"39-year-old Alberto Bocanegra was shot to death after chasing a hit-and-run driver early Tuesday. He was a well-known Brighton Park community activist and former aldermanic. The gunman was driving a blue SUV, police said.",
c5ade8af862bbaf2402100a354602d2ba2030f356c4e11e63bdbc946ae00cdca6e7cd093b6bdfb0ca249d04c7333a6c18df4d3dc9ab22febd202f0f2e707d15b,2018-09-26T17:19:38+00:00,https://chi.streetsblog.org/2018/09/26/bmw-driver-fatally-struck-lorraine-campion-91-as-she-crossed-street-in-edgewater,"BMW Driver Fatally Struck Lorraine Campion, 91, as She Crossed Street in Edgewater",Chicago Streetsblog,Campion was the 30th pedestrian to be struck and killed in Chicago this year.,
ac68658a1894e2e37e5f7e5445b798d3767aa3e8035713d036b590e3216221135cd81f2ba1fc437496c76e09b1f9c7dcf6a0e0bc0e76da0363d2f9d514869356,2018-09-27T07:04:00+00:00,https://www.chicagotribune.com/2018/09/27/loved-ones-remember-man-who-died-a-hero-after-trying-to-stop-hit-and-run-driver/,Loved ones remember man who ‘died a hero’ after trying to stop hit-and-run driver,Chicago Tribune,"Sergio Bocanegra wrapped his arm tightly around Alberto Bocanegra’s shoulders as the father and son leaned their heads together, overwhelmed by grief for a few silent moments outside the Cook County medical examiner’s…",
c5ade8af862bbaf2402100a354602d2ba2030f356c4e11e63bdbc946ae00cdca6e7cd093b6bdfb0ca249d04c7333a6c18df4d3dc9ab22febd202f0f2e707d15b,2018-10-19T01:38:00Z,https://chicago.suntimes.com/2018/10/18/18455322/man-charged-with-fatally-hitting-93-year-old-woman-with-his-suv-in-edgewater,Man charged with fatally hitting 93-year-old woman with his SUV in Edgewater,Chicago Sun-Times,"Rayon Allen was charged with reckless homicide in the Sept. 24 crash that killed Lorraine Campion, Allen's bail was set at $10,000.",
7e1ad51d52f68c923aebcf83e5af7ff68cfe856b37e76a8565da9bd351b444d9aa7e40d31acee664e5f15cddb3e580991186ec1c47eca652554e333657728e5d,2019-01-23T21:27:00Z,https://chicago.suntimes.com/2019/1/23/18350256/82-year-old-man-fatally-struck-by-vehicle-in-chatham,82-year-old man fatally struck by vehicle in Chatham,Chicago Sun-Times,"Robert Green was crossing the street when he was struck at 9:25 a.m. in the 8500 block of South Cottage Grove, according to Chicago police and the Cook County medical examiner’s office. The driver told police the man stopped in the middle of the street to pick something up just before he was hit, police said.",
89f141a46255d077b053b6edb7f9bea0241956bebca0cd6836bff93decb0141484942f6f4e987903edb557e9fe844fda459c71184f43ea53ac49bcacc8a37a00,2019-06-10T12:04:46+00:00,https://blockclubchicago.org/2019/06/10/off-duty-chicago-police-officer-charged-with-dui-after-crashing-into-building-killing-1-woman/,"Off-Duty Chicago Police Officer Charged With Reckless Homicide After Crashing Into Building, Killing Mother Of 2",Block Club Chicago,"Off-duty officer Terrance Finley was charged with reckless homicide and aggravated DUI after a crash that struck two women. One of the victims, Marquita N. Reed, was pronounced dead at the hospital.",
89f141a46255d077b053b6edb7f9bea0241956bebca0cd6836bff93decb0141484942f6f4e987903edb557e9fe844fda459c71184f43ea53ac49bcacc8a37a00,2019-06-10T18:51:50-0500,https://www.cbsnews.com/chicago/news/neighbor-remembers-marquita-reed-who-was-killed-when-an-off-duty-cpd-officer-crashed-into-a-gresham-restaurant/,"Neighbor Remembers Marquita Reed, Who Was Killed When An Off-Duty CPD Officer Crashed Into A Gresham Restaurant",CBS News,"Those who knew Marquita Reed, who was killed early Sunday when an off-duty Chicago police officer crashed into the building where she was eating, are in disbelief.",
89f141a46255d077b053b6edb7f9bea0241956bebca0cd6836bff93decb0141484942f6f4e987903edb557e9fe844fda459c71184f43ea53ac49bcacc8a37a00,2019-06-12T16:52:40Z,https://abc7chicago.com/post/off-duty-cpd-officer-accused-in-deadly-dui-crash-suspended/5343127/,"Off-duty Officer Terrance Finley, accused in deadly DUI crash, suspended by CPD",ABC 7 Chicago,"A Chicago police officer accused of driving drunk while off-duty and crashing into a South Side restaurant, killing a woman, has been suspended.",
fc2fac282d03fad8ffe64be3f181f0f1dafda054db56f408d2591ce321ab418d98e527a815d03d56ac1425918bbf2e1c78c68bc7403bfbfdc6855fa14b29aac1,2019-06-27T12:15:33-0500,https://www.cbsnews.com/chicago/news/deanton-thompson-charged-reckless-homicide-crash-killed-sister/,"No Bail For Man Charged In Fiery Crash That Killed 3, Including His Sister",CBS News,"Deanton Thompson, 24, was charged with three felony counts of reckless homicide and four felony counts of leaving the scene of an accident.",
,2019-08-09T13:35:38+00:00,https://blockclubchicago.org/2019/08/09/6-pedestrians-killed-in-july-alone-in-chicago-as-safety-experts-blame-distracted-driving-more-cars-on-roads/,"6 Pedestrians Killed In July Alone In Chicago As Experts Blame Distracted Driving, More Cars On Roads",Block Club Chicago,"The deaths of six pedestrians on Chicago’s streets in July erased gains from the first six months of 2019, according to data compiled by the Chicago Department of Transportation.
",
39134fb62de26f7a89cb5b0401a54fea52f190a25d74b425cd719391a9c3fea96b43d4ffc1be25501e49e198f88f6ebb438d3277529952855090b6c1d9253a05,2019-08-16T12:39:23Z,https://chicago.suntimes.com/crime/2019/8/16/20808360/police-release-new-photos-of-driver-vehicle-wanted-in-fatal-burnside-hit-and-run,"Police release new photos of driver, vehicle wanted in fatal Burnside hit-and-run",Chicago Sun-Times,"Mark Dandridge, 54, was struck while walking in the 9400 block of South Cottage Grove Avenue on Aug. 3, authorities said.",
80dc930ca34bd6cd881d73704373f51c13dc4d17e2b807543cd5d7b2e6df7698a162f20c6204a9704fab3a71d5573d33cd52a97975143dc414819ada5ece730c,2019-08-16T12:44:30+00:00,https://blockclubchicago.org/2019/08/16/driver-hits-bicyclist-who-went-through-red-light-in-gold-coast-police-say/,"Driver Hits Bicyclist Who Went Through Red Light In Gold Coast, Police Say",Block Club Chicago,"At 2:20 a.m., a 22-year-old man was riding his bike in the 1000 block of North Michigan Avenue when he went through a red light and an SUV driver hit him, police said.
",
cf826354ea7d0ba6785eb772b9820ca51ef198d4a88cbadb08f269b8dc2f741438f89b328a4e561809dad31bd99e47ad0b9938cb585d46041c20764211778fb8,2019-08-19T21:34:23-05:00,https://www.nbcchicago.com/news/local/man-struck-by-vehicle-in-brighton-park-dies-of-complications/127501/,Man Struck by Vehicle in Brighton Park Dies of Complications,NBC 5 Chicago,"Jose Sanchez, 43, died ten days after being struck by a vehicle in Brighton Park on the Southwest Side. Chicago police said the driver of the striking vehicle stopped at the scene and was issued traffic citations. An investigation was ongoing, police said.",
55f8ec896a9f860fccdabd1a48478f1ecf90bdae2bfef3203fdfba2b2f562824ff20a6c9ca95ab8cde2c7d8098ed597486d94d96f41486088a964e946764f486,2019-09-01T03:59:00Z,https://abc7chicago.com/post/1-dead-after-car-crashes-into-restaurant-on-northwest-side/5505384/,1 dead after car crashes into restaurant on Northwest Side,ABC 7 Chicago,"An 81-year-old woman is dead after a car crashed into a restaurant Saturday, striking five people on Chicago's Northwest Side, police said.",
d9392ee6581314dd85cb0ae78441fd39cbdd06f43bd41b74d649d7659a49c82eec8e19996d6e69e8150b892079859ee9422ffb3a6c48229576633a8adf0cd761,2019-09-03T15:29:09+00:00,https://blockclubchicago.org/2019/09/03/police-looking-for-driver-who-crashed-into-bicyclist-killing-him-in-garfield-park/,"Police Looking For Driver Who Crashed Into Bicyclist, Killing Him, In Garfield Park",Block Club Chicago,"The bicyclist was identified as 56-year-old Richard Williams, of the 6800 block of North Main Avenue, in Cook County Medical Examiner’s Office records. Williams was pronounced dead at 3:29 a.m.
",
55f8ec896a9f860fccdabd1a48478f1ecf90bdae2bfef3203fdfba2b2f562824ff20a6c9ca95ab8cde2c7d8098ed597486d94d96f41486088a964e946764f486,2019-09-04T05:37:13Z,https://chicago.suntimes.com/2019/8/31/20842635/1-killed-4-wounded-vehicle-crash-fullerton,"Man released without charges after NW Side crash kills 1, injures 4 others",Chicago Sun-Times,"The people were waiting for a bus when a 34-year-old man lost control of his vehicle and crashed into the building, police said.",
004af03c8bc02883b1b9e608969a3e7d5df7de8d145da8b7f510a3121fb282d49210751e54d3d26646cac6162a032f9515263d869667040249e127384953869a,2019-09-16T17:10:56-0500,https://www.cbsnews.com/chicago/news/photos-of-car-fatal-hit-and-run/,Police Release Surveillance Photo Of Car Wanted In River North Fatal Hit-And-Run,CBS News,"A 43-year-old man was killed in a hit-and-run crash in the River North neighborhood. He was identified Tuesday as Ismael Montez Maldonado.
",
660b51e25d76aa5ffe03e86b1460938e832ff37a41cf9fdcef3bba3ab118bd71624ffc5c55bf17224f520d52f9fe1d5bcc94023d90907f12fc8b83ca633f2a18,2019-09-17T22:37:11-0500,https://www.cbsnews.com/chicago/news/woman-hit-and-killed-by-flatbed-truck-in-river-north/,"Woman Hit, Killed By Flatbed Truck In River North; Friends Say She Was Pregnant",CBS News,"The truck driver was heading west on Grand Avenue and turning left when the truck hit 29-year-old Elizabeth Boshardy. A witness said the woman was in the crosswalk and had the right of way.
",
660b51e25d76aa5ffe03e86b1460938e832ff37a41cf9fdcef3bba3ab118bd71624ffc5c55bf17224f520d52f9fe1d5bcc94023d90907f12fc8b83ca633f2a18,2019-09-22T13:56:37Z,https://chicago.suntimes.com/2019/9/22/20878160/hanna-elizabeth-boshardy-baby-delivered-mother-killed-by-semi-dies,Baby delivered after mother killed by semi dies: medical examiner,Chicago Sun-Times,"Hannah Elizabeth Boshardy died about 9 a.m. Saturday, four days after she was born, according to the Cook County medical examiner’s office. An autopsy Sunday said she died of complications of prematurity and maternal death, and her death was ruled an accident.
",
660b51e25d76aa5ffe03e86b1460938e832ff37a41cf9fdcef3bba3ab118bd71624ffc5c55bf17224f520d52f9fe1d5bcc94023d90907f12fc8b83ca633f2a18,2019-09-23T15:30:01+00:00,https://www.chicagotribune.com/2019/09/23/editorial-liz-boshardy-pregnant-and-killed-by-a-truck-at-29-lived-her-poignant-lesson-try-to-experience-as-much-of-life-as-possible/,"Editorial: Liz Boshardy, pregnant and killed by a truck at 29, lived her poignant lesson: ‘Try to experience as much of life as possible’",Chicago Tribune,"Liz Boshardy packed a lot of life into her 29 years. She was a ballet dancer, then a data scientist. She married her high school sweetheart. She visited Nepal and the Galapagos Islands. She went dog-sledding in Norway and whale-watching in Hawaii.
",
0c66e321c13c585e58a84760e4ab2f72d2f14352fb9ccff269432330b91a1012f85b3c03d2ea17d39feabeb688746465b81a86156e321523ac504ae5a31a8995,2019-10-14T19:41:36+00:00,https://blockclubchicago.org/2019/10/14/dead-body-on-hermosa-street-for-more-than-2-hours-as-police-investigate/,"Man Crossing Hermosa Street In Crosswalk Struck And Killed By Dump Truck Driver Who Blew Stop Sign, Police Say",Block Club Chicago,HERMOSA — A driver of a dump truck on Pulaski Road in the Hermosa neighborhood blew a stop sign and struck and killed a man crossing at a crosswalk Monday,
660b51e25d76aa5ffe03e86b1460938e832ff37a41cf9fdcef3bba3ab118bd71624ffc5c55bf17224f520d52f9fe1d5bcc94023d90907f12fc8b83ca633f2a18,2019-10-17T04:22:37Z,https://chicago.suntimes.com/2019/10/16/20918340/elizabeth-hannah-boshardy-wrongful-death-lawsuit-river-north-truck-edward-metz-rauch-clay-sales,Family of pregnant woman hit by truck in River North files wrongful death suit,Chicago Sun-Times,"Michael Boshardy filed the four-count suit in Cook County Circuit Court, accusing Edward J. Metz and Rauch Clay Sales Corporation of wrongful death for the Sept. 17 crash that killed Elizabeth and Hannah Elizabeth Boshardy",
8a9d0e891f4a95e1b7a342bd22d8c16cd0a65153863def4547524904ad6695e075408bca32f302956b2a79317f036c7903053fe77572e1220d6ac8478430bcc6,2019-10-28,https://www.cooneyfuneralhome.com/obituaries/vincent-tran,Vincent H. Tran Obituary,cooneyfuneralhome.com,"Mr. Vincent H. Tran, age 26. Tragically while biking and struck by a hit and run driver.
",
8a9d0e891f4a95e1b7a342bd22d8c16cd0a65153863def4547524904ad6695e075408bca32f302956b2a79317f036c7903053fe77572e1220d6ac8478430bcc6,2019-10-30T18:14:14+00:00,https://chi.streetsblog.org/2019/10/30/police-suspend-search-for-driver-who-fatally-struck-man-on-bike-26-in-irving-park,"Police suspend search for driver who killed Vincent Tran, 26, on bike in Irving Park",Chicago Streetsblog,"Tran, who was conscious after the crash, told investigators that the driver was in a black vehicle and fled westbound. Tran was the second Chicago bike fatality of 2019.
",
362296540649f61188bd0ddc4bf04a3a51c5275dfb6ebba723f2414a58befad8e4c0f2fd747ac52a3a32d43ef4f2da49ec86234f1a768ba4fa93f85b90c8bc53,2019-11-07T15:20:19+00:00,https://blockclubchicago.org/2019/11/07/after-woman-killed-in-fading-irving-park-bike-lane-200-cyclists-call-for-better-protection/,"'Please Don't Kill Us': After Woman Killed In Fading Irving Park Bike Lane, 200 Cyclists Demand More Protection",Block Club Chicago,"Years ago, Northwest Siders rejected a plan to install protected bike lanes due to parking concerns. Now, 37-year-old Carla Aiello of Norwood Park is dead after being hit by a truck while in the fading bike lane at the intersection — and the Chicago bicycle community is furious.",
362296540649f61188bd0ddc4bf04a3a51c5275dfb6ebba723f2414a58befad8e4c0f2fd747ac52a3a32d43ef4f2da49ec86234f1a768ba4fa93f85b90c8bc53,2019-11-07T16:03:44-0600,https://www.cbsnews.com/chicago/news/milwaukee-avenue-cyclist-struck-carla-aiello-truck-driver-negligent-driving/,"Truck Driver Who Ran Over Cyclist Carla Aiello Cited For Improper Right Turn, Negligent Driving",CBS News,"Carla Aiello was riding in the bike lane on Milwaukee Avenue, alongside a dump truck, when the driver made a right turn and ran her over.",
8a9d0e891f4a95e1b7a342bd22d8c16cd0a65153863def4547524904ad6695e075408bca32f302956b2a79317f036c7903053fe77572e1220d6ac8478430bcc6,2019-11-07T22:22:58Z,https://chicago.suntimes.com/crime/2019/11/7/20954070/irving-park-hit-run-vincent-tran-bicycle-kimball,Cops release photo of car wanted in Irving Park hit-and-run that killed bicyclist in October,Chicago Sun-Times,"At the time of his death, police said detectives had suspended their investigation due to a lack of leads. A police spokesperson on Thursday was unable to say when the investigation was reopened.
",
362296540649f61188bd0ddc4bf04a3a51c5275dfb6ebba723f2414a58befad8e4c0f2fd747ac52a3a32d43ef4f2da49ec86234f1a768ba4fa93f85b90c8bc53,2019-11-08,https://www.cumberlandchapels.com/obituaries/carla-aiello,"Carla Aiello Obituary Nov 6, 2019",cumberlandchapels.com,"Beloved wife of Eric Hillebrand. Loving mother of Hazel and Henry. Cherished daughter of Anthony and Amy (nee Loftus) Aiello. Dear sister of Michelle Aiello Puckett (Scott Puckett). Niece of Joseph (Elizabeth) Aiello, Carlo A. (Jacqueline) Aiello, the late Michael C. (Bernice) Aiello, Edward J. (Connie) Loftus, George Loftus, Kevin C. (Karen) Loftus and the late Nora (the late Anthony) Tomas , the late Daniel G. Loftus.",
362296540649f61188bd0ddc4bf04a3a51c5275dfb6ebba723f2414a58befad8e4c0f2fd747ac52a3a32d43ef4f2da49ec86234f1a768ba4fa93f85b90c8bc53,2019-11-09,https://www.capecodtimes.com/story/news/local/2019/11/09/carla-aiello-cyclist-killed-in/2326062007/,"Carla Aiello, cyclist killed in Chicago, worked at Sturgis",capecodtimes.com,A Chicago bicyclist who died after being hit by a dump truck Wednesday morning previously worked for years as a school counselor at Sturgis Charter Public School in Hyannis.,
362296540649f61188bd0ddc4bf04a3a51c5275dfb6ebba723f2414a58befad8e4c0f2fd747ac52a3a32d43ef4f2da49ec86234f1a768ba4fa93f85b90c8bc53,2019-11-12T21:42:20+00:00,https://chi.streetsblog.org/2019/11/12/why-the-victim-blaming-responses-to-fallen-cyclist-carla-aiellos-death-are-wrong,Why the victim-blaming responses to fallen cyclist Carla Aiello's death are wrong,Chicago Streetsblog,"When the person operating a 10,000-pound-plus vehicle fails to make sure they won't kill somebody when they make a turn, the fault lies squarely with them, not their victim.",
da80008497aed875c402dc832f0f1a86ec72d4e5bdaaa67ce32b75526e58d5de1fb9a576c10bde82592fe0b12fca7408ec09839b0269726698765f906e1140e7,2019-11-19T13:35:13+00:00,https://blockclubchicago.org/2019/11/19/a-lack-of-hope-permeates-chicagos-cyclist-community-after-another-fatal-bike-crash-on-stony-island/,A 'Lack Of Hope' Permeates Chicago's Cyclist Community After Another Fatal Bike Crash On Stony Island,Block Club Chicago,"Lee Luellen, 40, became the second cyclist killed this on a stretch of road where aldermen rejected bike lanes in the past. Sabrinia Williams, 42, faces two misdemeanor counts of driving on a suspended license and operating a vehicle while uninsured causing bodily harm. She was also cited for failure to reduce speed.
",
da80008497aed875c402dc832f0f1a86ec72d4e5bdaaa67ce32b75526e58d5de1fb9a576c10bde82592fe0b12fca7408ec09839b0269726698765f906e1140e7,2019-11-19T19:13:58+00:00,https://chi.streetsblog.org/2019/11/19/driver-who-killed-cyclist-lee-luellen-40-charged-cdp-retracts-victim-blaming-statement,"Driver who killed cyclist Lee Luellen charged, CDP retracts victim-blaming statement",Chicago Streetsblog,"Police initially implied that Luellen might have been responsible for his own death, stating that he “may have been in the middle of the street when he was hit.” The Chicago Police Department has since walked back that statement, acknowledging that the cyclist’s lane position had nothing to do with the motorist killing him.
",
fd513d10e664f2def020f1cacfc56e902758d2e0bd744632f5af5a3ab191d6fe6533fb01fce230e56a92334da73ab29e971624c21cfdee79f065785846cfe85f,2020-01-03T00:31:15Z,https://abc7chicago.com/post/3-women-from-same-family-killed-in-morgan-park-crash/5807188/,"3 women from same family killed in Morgan Park crash, 4 others injured",ABC 7 Chicago,"Ruby Johnson, 28, her 56-year-old aunt Carrie Johnson and Carrie's 30-year-old daughter Cassandra Johnson were all killed.
",
5b852d3ef2f080636e5cad61a45d8c1ef14c1b3a6ae74f06bc4067d971d22c0cbb5a6842b0740bedbb074d85bfbc45ab0a7f526078c8e97bef3b7567813657a7,2020-01-15T18:46:29+00:00,https://chi.streetsblog.org/2020/01/15/2nd-pedestrian-in-less-than-four-years-killed-on-stretch-of-devon-that-lacks-sidewalks,2nd pedestrian in less than four years killed on stretch of Devon that lacks sidewalks,Chicago Streetsblog,"Maximo R. Portuondo, 51, struck and killed by a driver while walking in the roadway on Devon Street by the Caldwell Woods forest preserve, was the first pedestrian killed in Chicago this year.
",
5b852d3ef2f080636e5cad61a45d8c1ef14c1b3a6ae74f06bc4067d971d22c0cbb5a6842b0740bedbb074d85bfbc45ab0a7f526078c8e97bef3b7567813657a7,2020-01-21T17:01:25.040Z,https://www.legacy.com/funeral-homes/obituaries/name/maximo-portuondo-obituary?pid=195123706&v=batesville&view=guestbook,View Maximo Portuondo's Obituary and express your condolences,legacy.com,"Maximo Portuondo passed away on January 14, 2020 at the age of 53 in Chicago, Illinois. Funeral Home Services for Maximo are being provided by Andersen Morgan Funeral Home - Chicago.",
913cbaa3ea278364fb8ef595d87f0d5cc4b323eaeff306cef254cfc37b37b4c56d4a718a2dd00519af08b55325886a51ad73aeb6d062719d623c2e97b677325d,2020-01-23T08:34:46Z,https://chicago.suntimes.com/2020/1/23/21078274/jameel-brown-wrightwood-crash-man-killed-teen-critical-82nd-street,"1 dead, 2 hurt after tire blows, sending it crashing into tree in Wrightwood",Chicago Sun-Times,"The Dodge struck a light pole before slamming into a tree, police said. Jameel Brown was identified as the passenger who died.
",
cad3678ccc4ecdb8b51de3ec4cc1b45038ba928310df2325a548b8de0fa9b617e7a8e5f0a452248118be5d884b94a546302365ebeee0241a553505ce9b021c93,2020-01-31,https://www.wenbanfh.com/obituaries/W-Kurt-Kuker?obId=10828839,W. Kurt Kuker Obituary,Wenban Funeral Home,"Husband of Patricia. Father of Donna, Robert (Leah), Debbie (Ken) Schoening and Paul. Grandfather of Jason, Colin, Sarah, Emily and preceded in death by Brendan. Brother of Toni (Joe) Ward.
",
cad3678ccc4ecdb8b51de3ec4cc1b45038ba928310df2325a548b8de0fa9b617e7a8e5f0a452248118be5d884b94a546302365ebeee0241a553505ce9b021c93,2020-01-31T12:58:10Z,https://chicago.suntimes.com/news/2020/1/30/21115845/man-dead-lake-shore-drive-crash-belmont-hollywood-lanes-closed,Driver’s fatal medical emergency causes solo crash on Lake Shore Drive,Chicago Sun-Times,"William Kurt Kuker, 80, suffered a medical emergency and crashed into a guardrail, police said.",
ef90eff2563c8ba3d5d14c9468d89f4bb8e251065eea230ce370a5198a6a03673fe0045a69663283b7ce9a71416f1462997f7f7ee926bfcc893d2f79b0edc822,2020-02-01T16:19:30-06:00,https://www.nbcchicago.com/news/local/4000-reward-offered-in-hit-and-run-of-chicago-community-activists-sister/2211663/,"$4,000 Reward Offered in Hit-and-Run of Chicago Community Activist's Sister",NBC 5 Chicago,"Cassandra Holmes, 58, was walking across the street about 9:20 a.m. Wednesday in the 7400 block of South King Drive in the Park Manor neighborhood when a pick-up truck hit her, according to Chicago police.
",
58c3006cbbe12063bc8e7a12fc0aaaaa6eed37ec3a80d9bb00834fe0cdfe65587d4068ecc3c027bb6617912fac9e2c4e84ffafaab6e1a4f6571da82991b74a3e,2020-02-01T21:12:02Z,https://chicago.suntimes.com/2020/2/1/21118413/person-killed-marquette-park-vehicle-crash,Man killed after crashing into tree in Marquette Park,Chicago Sun-Times,"Jorge Luis Reza Gallardo, 26, was driving a 1998 Toyota Camry in the 6800 block of South Kanst Drive when he crashed into a tree, Chicago police said.",
58c65166f91556dbab1199f06973d88b352c126182fd54c1ed9eca157d797e6ea37cdd350f5ec8b0b5e12a52da34230ee1306aa104d45cd120cacabc9142dca3,2020-02-02T16:26:20Z,https://abc7chicago.com/post/pedestrian-dies-after-being-hit-by-car-on-lake-shore-drive-officials/5898585/,Pedestrian hit by vehicle on Lake Shore Drive dies overnight: officials,ABC 7 Chicago,"A pedestrian who was hit by a vehicle Saturday night on Lake Shore Drive has died overnight, officials said.",
58c65166f91556dbab1199f06973d88b352c126182fd54c1ed9eca157d797e6ea37cdd350f5ec8b0b5e12a52da34230ee1306aa104d45cd120cacabc9142dca3,2020-02-04T22:53:05+00:00,https://chi.streetsblog.org/2020/02/04/male-fatally-struck-at-intersection-by-museum-campus-where-pedestrian-traffic-is-banned,"Mohamed Salah Ali, 29, killed at Museum Campus intersection where ped access is banned",Chicago Streetsblog,The victim was the second pedestrian killed on Chicago streets this year.,
d6cb45fc7bce2fdd78d94095c977d25438fd455ce8c7828ccef2685cb1bfcd2543e0af6032e42b5c550a3309c1677663592c1b10d3321a76bf01046708a84048,2020-02-05T23:33:52Z,https://chicago.suntimes.com/news/2020/2/5/21125112/fatal-crash-west-garfield-park-lake-hamlin,"1 dead, 3 hurt in West Garfield Park pin-in crash",Chicago Sun-Times,"Crews responded about 11:55 a.m. to a crash in the 3800 block of West Lake Street, according to Chicago police.",
362c12430744ace0e1bd90e95689790166481ef62c096f4ea25bfdac169bff71fa759ed6fe7e8af67360ab8f466f29f83cd544453a50137b7586327ef722f8b3,2020-02-10T15:09:48-06:00,https://www.nbcchicago.com/news/local/2-charged-after-woman-killed-4-injured-in-west-side-crash/2216666/,"2 Charged After Woman Killed, 4 Injured in West Side Crash",NBC 5 Chicago,"A woman was killed and four others were injured after a car hit two other vehicles while fleeing a traffic stop Saturday in Fifth City on Chicago’s West Side, officials said. CPD confirmed Monday that 22-year-old Patrick Frazier is being charged with one misdemeanor count, while 20-year-old Maxwell Paxton is charged with three misdemeanor counts and two traffic citations.",
362c12430744ace0e1bd90e95689790166481ef62c096f4ea25bfdac169bff71fa759ed6fe7e8af67360ab8f466f29f83cd544453a50137b7586327ef722f8b3,2020-02-10T21:08:49-06:00,https://www.nbcchicago.com/news/local/family-friends-remember-salon-owner-killed-in-west-side-crash/2216963/,"Family, Friends Remember Salon Owner Killed in West Side Crash",NBC 5 Chicago,"Family and friends gathered outside a nail salon Monday night on Chicago’s West Side to remember its owner – a woman who made a difference in the North Lawndale neighborhood. Mignonne Robinson, 40, died Saturday night when a vehicle fleeing police crashed into her car and another vehicle in the 3200 block of West Jackson Boulevard.",
ef90eff2563c8ba3d5d14c9468d89f4bb8e251065eea230ce370a5198a6a03673fe0045a69663283b7ce9a71416f1462997f7f7ee926bfcc893d2f79b0edc822,2020-02-13,https://www.fox32chicago.com/news/andrew-holmes-announces-arrest-of-alleged-hit-and-run-driver-charged-with-injuring-his-sister,Andrew Holmes announces arrest of alleged hit-and-run driver charged with injuring his sister,FOX 32 Chicago,Community activist Andrew Holmes says a tip from the street and his own investigative work led police to arrest a suspected hit-and-run driver who injured his sister last month in Park Manor.,
1076400ab02d5e09ba20d8656e30121adf1f7f1303a406b54cff094b2af7faa53e6486a97ca540195dca23a3120feb4e5f283a9a40e112bf3c2fd1ca6f677898,2020-02-17,https://www.dlpsrmemchapel.com/obituary/Darius-Westbrooks,Obituary for Darius D Westbrooks,"D.L. Perkins, SR. Memorial Chapel","Darius loved his family and he loved to laugh. Darius had a smile that would light up a room and he loved hanging with all his cousins, the “4 Ds.” Darius later rekindled his relationship with his grade school girlfriend, Shartia, and out of their relationship, Bella Marie Westbrooks was born.
",
1076400ab02d5e09ba20d8656e30121adf1f7f1303a406b54cff094b2af7faa53e6486a97ca540195dca23a3120feb4e5f283a9a40e112bf3c2fd1ca6f677898,2020-02-17T22:29:33Z,https://chicago.suntimes.com/news/2020/2/17/21141411/darius-westbrooks-27-killed-crash-light-pole-west-garfield-park-cicero,"Man, 27, dies after crashing into light pole in West Garfield Park",Chicago Sun-Times,"Darius Westbrooks lost control of his Cadillac and slammed into a pole on Cicero Avenue, authorities said.",
cf73f33e3b0f3f82d81259b3bf36e778a0250a8d2c416dc1ad4d64942fbbeb98725f576bf9d29e553cda595f3e497a3da8ac310d47bc5f1bbd3560daa561d792,2020-02-26T23:13:16Z,https://chicago.suntimes.com/news/2020/2/26/21155155/miracle-sanchez-killed-burnside-crash-95th,Woman killed in Burnside crash,Chicago Sun-Times,"Miracle Sanchez was in a car that struck a light pole after the driver lost control, authorities said.",
fdc5d4d1299102e75fd8c7997ea5c343a0b5e62a4f7bde7d2b6e5a02cd0d1c68711cc086eac0fabcbb7060de7b587328ca5dd9c56e8c8052c2595113fe818adf,2020-03-01T15:41:40-06:00,https://www.nbcchicago.com/news/local/man-hit-and-killed-while-riding-bike-in-eats-garfield-park/2229053/,Man Hit and Killed While Riding Bike in East Garfield Park,NBC 5 Chicago,"A 61-year-old man was riding a bicycle across the street at 12:35 a.m. when he was hit by a westbound white 2014 Chrysler 300 in the 3700 block of West Lake Street; he was taken to Stroger Hospital, where he was pronounced dead, according to police.",
08d8b1747ca790951f856dcd6bf1e45aebf16cc6a0b5d1bfacce987741d43efc85dfbe479f3f683ce7d84d8ce40d9306e3290042fce6ffb8bdd2c2463caf7a73,2020-03-02T10:58:48Z,https://chicago.suntimes.com/2020/3/2/21161006/damond-smith-river-north-chicago-police-chase-crash-fatal-pole-fire-hydrant-huron-lasalle,"Man dead, Chicago cop among 2 hurt after River North police chase, crash",Chicago Sun-Times,"Police called off the chase before the Lexus crashed into the pole and hydrant in the 700 block of North LaSalle Boulevard, authorities said. The driver was killed.",
86a0dc8136e233c91bd65c94296763c743e2f51221ae758b2c1b017654c009c60c8da8a312bdcb8ec1f35a41211ad9849fc4dca53e1ad8c1a60a1a290fbf1698,2020-03-13T01:03:00Z,https://abc7chicago.com/post/man-killed-in-west-lawn-hit-and-run/6008207/,Police identify man killed in West Lawn hit-and-run,ABC 7 Chicago,"Chicago police said 59-year-old Steve Smith was killed in a hit-and-run crash in the city's West Lawn neighborhood. A tow truck ran several red lights and struck Smith's car, police said, and the truck driver fled the scene on foot.",
e6e8dd195233780c9796376b0af0d513470a5ab6216b7cf29e059f18173848fb3b2704b128227eb169889a5b3030955bfd2712eb680905153f3313f2bdba5bf5,2020-04-01T10:54:52Z,https://chicago.suntimes.com/news/2020/4/1/21202615/david-williams-person-killed-in-crash-ashland-6900-englewood,Driver dies in crash with CTA bus in Englewood,Chicago Sun-Times,"The driver of a vehicle, 38-year-old David Williams, was pronounced dead at the scene, police and the Cook County medical examiner’s office said, after crashing into a CTA bus.
",
98cdc82a3f8893975906079f57deaa8db02a319b9f63ebc459912a15e0a1e77b50f18b4ec0300fd15c1f1f888d29b0b91d0ce238341ec02ecda8d703ce3da83a,2020-04-06T02:45:39Z,https://chicago.suntimes.com/crime/2020/4/5/21209202/tysheaka-roark-killed-west-garfield-park-hit-and-run-madison,Woman killed in West Garfield Park hit-and-run,Chicago Sun-Times,"The male driver fled the scene, while Tysheaka Roark was taken to Norwegian American Hospital and pronounced dead, officials said.",
57c7c4aa43ce3896b73b7dd8fbecb69960144d91ae08e945379a6630d9a34b937e9c10b77d102b06cc79489ce9dbcf22c475f189457db7e53b1b829afc306028,2020-04-09T10:25:50Z,https://chicago.suntimes.com/crime/2020/4/9/21214702/police-seek-car-wanted-fatal-hit-and-run-67-street-woodlawn,Police seek car wanted in fatal hit-and-run in Woodlawn,Chicago Sun-Times,A 34-year-old man was struck and killed in the crash.,
d9df8b501653ec2cb0be60c284bc2f6cf2f9c7dae13da8b0c83a2fd6e3f51907be822a16c465e67f72443ae9ea24ff6abb7ad735599833fb0f38f429aaaf434d,2020-04-16T15:14:54Z,https://chicago.suntimes.com/2020/4/16/21223473/driver-dies-archer-heights-crash-kolin-avenue,"Speeding driver dies after crashing into pole in Archer Heights, police say",Chicago Sun-Times,"39-year-old Juan Valadez-Espinoza of Berwyn was speeding on Archer Avenue when he swerved and struck an oncoming BMW turning left onto Kolin Avenue, police say.",
d9df8b501653ec2cb0be60c284bc2f6cf2f9c7dae13da8b0c83a2fd6e3f51907be822a16c465e67f72443ae9ea24ff6abb7ad735599833fb0f38f429aaaf434d,2020-04-17,https://www.linhartfuneralhome.com/obituaries/Juan-J-Valadez?obId=12713285,Obituary of Juan J. Valadez,Linhart Funeral Home,"Juan J. Valadez, cherished father of Maya Valadez; loving son of Lucia Espinoza; dear brother of Daniel Alanis, Lucia Valadez, Viridiana Valadez and Liliana Valadez (Kevin Chavez).
",
16a9f6445f2dee21d735f2b082153c8fb573fe551c02139fad6690385464ba8dcbb94cbec1871a06447dcfb5c6eee667ad3224daf05eb7d5e904e0bfd6d01c2b,2020-04-17T10:07:00Z,https://abc7chicago.com/post/2-killed-including-14-year-old-girl-in-park-manor-crash-idd-/6110079/,"2 killed, including 14-year-old girl, in Park Manor crash after SUV runs red light ID'd,  Chicago police say",ABC 7 Chicago,"14-year-old Abigail Rogel and 56-year-old Kenneth Gunn were killed when, according to police, Gunn ran a red light and struck the sedan Rogel was riding in. The 41-year-old driver of the sedan was transported to the hospital in critical condition, police said.",
30563445ba77cbcd43d01fe234a178cc1874f51099ab25a338c0ed33a87261c72cbca0bafa1880a770cf771bc2dcb4175a916872ab509c276e1bb6136ff470a8,2020-04-20T20:57:55Z,https://chicago.suntimes.com/2020/4/20/21228685/daniel-butler-motorcyclist-killed-scottsdale-crash-cicero,Motorcyclist killed in Scottsdale crash,Chicago Sun-Times,45-year-old Daniel Butler was riding a motorcycle when he was hit by a Ford making a left turn; police said they cited the 56-year-old driver for failure to yield right of way to left.,
d6cb45fc7bce2fdd78d94095c977d25438fd455ce8c7828ccef2685cb1bfcd2543e0af6032e42b5c550a3309c1677663592c1b10d3321a76bf01046708a84048,2020-04-23T20:21:38+00:00,https://www.chicagotribune.com/2020/04/23/prosecutors-man-fleeing-police-caused-violent-crash-in-west-garfield-park-that-killed-passenger/,Prosecutors: Man fleeing police caused violent crash in West Garfield Park that killed passenger,Chicago Tribune,"Mackelin Moore, 49, of Pill Hill sped away from Chicago police in February, leading to a violent high-speed crash that killed one of his passengers and injured three others, including himself, prosecutors said Thursday. He was charged with class 3 reckless homicide.",
156c7876ed4bc4a5885189778b871d0d304477d379a81587388e24ef83d6ca0ffb688c47e4ceadfc632ca27cc78e910869bd088cac5d80f58d2f61cc332f606b,2020-04-27T18:53:38+00:00,https://chi.streetsblog.org/2020/04/27/hit-and-run-suv-driver-killed-man-in-little-village-crosswalk,Hit-and-run SUV driver killed man in Little Village crosswalk.,Chicago Streetsblog,The victim was the 7th pedestrian killed on Chicago streets this year.,
3d1b3f7003541a806d29a397ae9d1a7a54d0e6ed641ab913b577eb2762d5cab2280e2c9fb1fc59bd7ddcd0b70ee8e14a6b884722869f81ee97d08992c1fbefbe,2020-05-07T02:47:54Z,https://chicago.suntimes.com/crime/2020/5/6/21250180/meritt-william-killed-lawndale-hit-run-congress,Man killed in Lawndale hit-and-run,Chicago Sun-Times,"William Meritt was hit by a black Jeep while crossing the street, authorities said.",
3d1b3f7003541a806d29a397ae9d1a7a54d0e6ed641ab913b577eb2762d5cab2280e2c9fb1fc59bd7ddcd0b70ee8e14a6b884722869f81ee97d08992c1fbefbe,2020-05-07T11:16:39Z,https://abc7chicago.com/chicago-crime-in-news-hit-and-run/6159460/,Chicago Crime: Man killed in Near West Side hit-and-run,ABC 7 Chicago,"A 57-year-old man was killed in a hit-and-run on the Near West Side Wednesday night, Chicago police said.",
7add9b655a8ec59a02102d67ed376bb0da6136eac158497ae5b2a9980ae05a34393db721fc4fe32f6231ae3153c0a30bc5f93c637eb7d86f75223a638d6f0dc0,2020-05-08T04:25:18Z,https://chicago.suntimes.com/crime/2020/5/7/21251650/malik-delphie-fatally-shot-morgan-park-112th-gun-violence,Man killed in Morgan Park shooting,Chicago Sun-Times,"Malik Delphie, 22, crashed his vehicle after he was shot, authorities said. He was pronounced dead at Christ Medical Center in Oak Lawn.",
80b1325c9066353b979677290e930e876ceadb355a64699755d3b832777c0113ac28be619f4bcfb3d9184a24c6ffcae33b9d5d8f0a1529b1317d9bd24e79dd82,2020-05-13T11:34:00+00:00,https://blockclubchicago.org/2020/05/13/car-crash-kills-man-in-irving-park/,Car Crash Kills Man In Irving Park,Block Club Chicago,"A 48-year-old man was driving in the 3000 block of West Irving Park Road when he crashed into a light pole and then a nearby building, police said. The man was pronounced dead at the scene. The man was identified as Patrick Defreeuw, according to the Cook County Medical Examiner’s Office.",
5deb7242010df218d0b4aa718935a1c36b2c0259a9b64c9ff60ad697a04341b4b8203886b41a8f1aff6762c60d9c7c6640c83408a1452752cdb59db2eb7a67fc,2020-05-13T22:16:39Z,https://chicago.suntimes.com/2020/5/13/21257961/ricky-marsaw-motorcyclist-killed-avalon-park-crash,Motorcyclist killed in Avalon Park crash,Chicago Sun-Times,"A woman in a Honda Odyssey collided with a motorcycle driven by Ricky Marsaw as she was making a left turn, authorities said. The Honda's driver was issued a citation for failure to yield to the right of way and was scheduled to appear in court June 8, police said.",
80b1325c9066353b979677290e930e876ceadb355a64699755d3b832777c0113ac28be619f4bcfb3d9184a24c6ffcae33b9d5d8f0a1529b1317d9bd24e79dd82,2020-05-14,https://www.legacy.com/us/obituaries/chicagotribune/name/patrick-de-freeuw-obituary?id=2837170,"Patrick De Freeuw Obituary (1971 - 2020) - Flossmoor, IL - Chicago Tribune",legacy.com,"View Patrick Charles De Freeuw's obituary, send flowers and sign the guestbook.",
b11e5c2bc6351bd2525793e0f9bec99d48b266460d3eebaada4674bd09f3a8a66c9f4083cd3ff5d131da245791b1da41d9900ebc6ada1d8616b314ec4d97f32a,2020-05-21T06:06:12Z,https://chicago.suntimes.com/news/2020/5/21/21265955/ryszard-kluz-lincoln-park-crash-man-killed-lasalle,Schaumburg man dies after crashing into tree in Lincoln Park,Chicago Sun-Times,"Ryszard Kluz was taken to Northwestern Memorial Hospital and pronounced dead, authorities said.",
493415b03013815bbffc7c1bbe0a99af8c58c2ec81cebfb9d22702c7ca83abcde22787a61bfd8fc4e0eedd4bc18afde1a08c768328038b379839e9dc0ad9edb8,2020-05-24T04:08:52Z,https://chicago.suntimes.com/2020/5/23/21268811/gary-anderson-humboldt-park-man-struck-killed-vehicle-chicago,Man dies after being struck twice while crossing street in Humboldt Park,Chicago Sun-Times,"Gary Anderson, 32, died Saturday after being struck by two vehicles in the 3800 block of West Chicago Avenue.",
2569f0624a72d20f09bc6d0fc4d7ab2493a83411111b14b2e4b6dc8ce73732a0bd511eaaf8d2ca25cc512cd69e965f958fabaad1c3477f4ed90ce1d6160e4534,2020-05-26T13:27:56Z,https://chicago.suntimes.com/crime/2020/5/26/21270322/arianna-scott-driver-wanted-fatal-hit-run-woman-south-loop-canal,Driver wanted for fatally hitting woman in South Loop: police,Chicago Sun-Times,"Arianna Scott, 24, of Greektown, was struck by a Ford Escape on Memorial Day in the 600 block of South Canal Street.",
2569f0624a72d20f09bc6d0fc4d7ab2493a83411111b14b2e4b6dc8ce73732a0bd511eaaf8d2ca25cc512cd69e965f958fabaad1c3477f4ed90ce1d6160e4534,2020-05-26T17:51:04-0500,https://www.cbsnews.com/chicago/news/deadly-hit-and-run-search-chicago-south-loop-canal-harrison/,SUV Found In Deadly Hit-And-Run; Police Still Searching For Suspects,CBS Chicago,Chicago police have recovered an SUV that had been stolen and was then used to run down a woman in a hit-and-run crash Monday.,
366c0960079b2699957b57bd810bdfb7f6a95e631b76ccf1d8cd70f934b7b90eb3c7a553523950c803f48748b8bbee411af083ee36db24f0b9a4f204ef74a870,2020-05-31T09:54:04Z,https://chicago.suntimes.com/2020/5/31/21275971/eugene-figures-jeffery-manor-crash-ran-red-light-killed-critical,"Man killed, 2 critical in Jeffery Manor crash after Jeep runs red light",Chicago Sun-Times,"A southbound Jeep Renegade ran a red light in the 9500 block of South Jeffery Avenue and hit a Nissan Rogue, police said. The driver of the Jeep, identified as Eugene Figures, was killed.",
1465eec7787ff74103d373e7be74bef98ce886df3333e1114b578e35a3bbdd06d5548ed3dca3c88267b0782b46fd5b1c83275f38b4dc5a7741079ae60a9dd26d,2020-06-03T01:21:15Z,https://chicago.suntimes.com/crime/2020/6/2/21278744/anthony-walker-gage-park-homicide-man-41-hit-tow-truck-51st,Man killed after being run down by tow truck in Gage Park,Chicago Sun-Times,"Anthony Walker of Palatine was chased and struck by 3 unknown males in a tow truck, police said.",
26cd80eda1d80050a34822da21dddbda9069cd8ef4edf89ac2f991e27b37bbb322a5fc229572fe68f37b92e2068ad639e651f86a26c179d9ebd29e37a6da39d0,2020-06-06T21:04:49Z,https://chicago.suntimes.com/crime/2020/6/6/21282337/marcel-oliver-charged-murder-guadalupe-francisco-martinez-lake-view-irving-park-fatal-crash,"Man charged with murder, carjacking in police chase that led to fatal Lake View crash",Chicago Sun-Times,"Marcel Oliver, 22, is accused of crashing a Jeep wanted in connection with a homicide before stealing a Nissan from an Irving Park gas station and leading police on the chase into Lake View. Guadalupe Francisco-Martinez, 37, was killed when a police SUV hit her vehicle.",
fa8d5d8ee82f43e0b073ddf746e3b9456fcb6cc1a6bb549f14728d77d226e703a75e76051cd72203a770ac68e90b7bc0ea60fb22ff34526ccd62000608fa984d,2020-06-10T12:43:34Z,https://chicago.suntimes.com/news/2020/6/10/21286278/daisy-ramero-dies-crash-cottage-grove-grand-crossing,South Deering woman dies in Grand Crossing crash,Chicago Sun-Times,"Daisy M. Ramero, 33, was thrown from her vehicle after crashing into a viaduct, authorities said.",
837b869ed59da425d5b92a556f040660fbb35acec7417e610a87dfc32793d1a7e57aadc60ae58e0b226cc42c1f9630a5792ce800488debf69bfec33a4d8ed1d9,2020-06-10T21:13:04Z,https://chicago.suntimes.com/2020/6/10/21287073/samuel-perez-motorcyclist-killed-back-yards-crash-racine,Motorcyclist killed in Back of the Yards crash,Chicago Sun-Times,"Samuel Perez was riding a Honda motorcycle when he struck a GMC, police said.",
dc3a1659abeaaa8c7e99450e7720bef742233d303afca984f3540808e7c2efe4fe49493428b81706f583339baddba5c1da4087c91c2d8abd03d31e365679f103,2020-06-17T09:57:22Z,https://chicago.suntimes.com/news/2020/6/17/21293997/robbie-bell-fatal-crash-ashburn-87-kedzie-tree-hydrant,"3 dead, 2 hurt after vehicle crashes into tree in Ashburn",Chicago Sun-Times,"Four of the five people were ejected from the vehicle, police said. The driver, Junana D. Mitchell of Justice, died at the scene; Robbie Bell, 18, of Justice and Danisha Woods, 17, were pronounced dead at the hospital.",
81766048a266b89f59677599116f442246c138befc6109ec0d56b04b7c34a708412f7cfdef76ba60fce98e3b3cb5be588226e75a78741a1986b1674290da7ded,2020-06-20T05:46:20Z,https://chicago.suntimes.com/crime/2020/6/20/21297497/michael-noland-bronzeville-hit-run-man-killed-cottage-grove,Harvey man dead in Bronzeville hit-and-run,Chicago Sun-Times,"Michael Noland, 64, was on the street about 10:56 p.m. in the 4700 block of South Cottage Grove Avenue when a silver sedan hit him, authorities said.",
81766048a266b89f59677599116f442246c138befc6109ec0d56b04b7c34a708412f7cfdef76ba60fce98e3b3cb5be588226e75a78741a1986b1674290da7ded,2020-06-20T18:56:18Z,https://abc7chicago.com/fatal-hit-and-run-man-killed-police-release-photo-of-vehicle-surveillance/6257819/,"Harvey man, 64, killed in hit and run; CPD release photo of suspected vehicle",ABC 7 Chicago,Police have released a surveillance image of the car which is possibly a 2004 Toyota Camry Solara with passenger side damage.,
305e175dc254c8a98d670018685cd30c4008667215830b80d1d0ffa98cf34947fabb6b0b3468160417a6cef319cd9f958d62c5689efd36fa4520b3ae9f1df1f3,2020-06-22T02:59:33Z,https://chicago.suntimes.com/news/2020/6/21/21298619/caleb-white-man-killed-gresham-crash-dui-halsted,"Man, 26, killed in Gresham crash",Chicago Sun-Times,"Caleb White was pronounced dead at the scene at 7:40 p.m., according to the Cook County medical examiner’s office. The driver of the vehicle he was riding in is being investigated for DUI, police said.",
305e175dc254c8a98d670018685cd30c4008667215830b80d1d0ffa98cf34947fabb6b0b3468160417a6cef319cd9f958d62c5689efd36fa4520b3ae9f1df1f3,2020-06-23,https://www.fox32chicago.com/news/driver-was-allegedly-high-on-benzos-cannabis-in-crash-that-killed-good-friend-prosecutors,"Driver was allegedly high on benzos, cannabis in crash that killed 'good friend': prosecutors",FOX 32 Chicago,"Stephen Nolan, 26, of Schaumburg, was allegedly high on benzodiazepines and cannabis Sunday when he lost control of his car and hit a utility pole in Gresham, killing his passenger, according to prosecutors.",
67fbb3a6beef414c3ee4488e714c3e4dab58e95f50bda9ccfc75c9ac2553e3d849e1bb8eda6593685987016459048f9f1a3d737e76aa5484c996d8614dac89d2,2020-06-29T03:23:47Z,https://chicago.suntimes.com/crime/2020/6/28/21306546/isaac-martinez-ashburn-teen-boy-fatally-hit-run-van-lawndale,1 in custody after 13-year-old boy fatally struck by van in Ashburn,Chicago Sun-Times,"The Ford work van didn’t stop after hitting 13-year-old Isaac Martinez, but the driver was placed into custody a short time later, authorities said.",
67fbb3a6beef414c3ee4488e714c3e4dab58e95f50bda9ccfc75c9ac2553e3d849e1bb8eda6593685987016459048f9f1a3d737e76aa5484c996d8614dac89d2,2020-06-30T20:18:31+00:00,https://chi.streetsblog.org/2020/06/30/family-of-isaac-martinez-13-killed-on-his-bike-were-joined-by-cyclists-at-vigil,"Family of Issac Martinez, 13, killed on his bike, were joined by cyclists at vigil",Chicago Streetsblog,"Said a neighbor, ""It's something that should have never happened with a hit-and-run and a little kid just bicycling through his neighborhood."" Oscar Martinez Guerro, 40, of the 6700 block of South Karlov Avenue, has been charged with fatally striking Issac Martinez.",
55f8ec896a9f860fccdabd1a48478f1ecf90bdae2bfef3203fdfba2b2f562824ff20a6c9ca95ab8cde2c7d8098ed597486d94d96f41486088a964e946764f486,2020-07-01,https://www.kaminskifamilyfuneralhomes.com/obituaries/Myrna-M-Logan?obId=15977020,Obituary information for Myrna M. Logan,kaminskifamilyfuneralhomes.com,,
67fbb3a6beef414c3ee4488e714c3e4dab58e95f50bda9ccfc75c9ac2553e3d849e1bb8eda6593685987016459048f9f1a3d737e76aa5484c996d8614dac89d2,2020-07-01T17:37:10+00:00,https://blockclubchicago.org/2020/07/01/13-year-old-bicyclist-killed-by-hit-and-run-driver-had-just-gotten-his-first-bike/,13-Year-Old Bicyclist Killed By Hit-And-Run Driver Had Just Gotten His First Bike,Block Club Chicago,"Issac Martinez, 13, was killed Sunday evening. Mourners formed a “human protected bike lane” Tuesday evening in his honor.
",
67fbb3a6beef414c3ee4488e714c3e4dab58e95f50bda9ccfc75c9ac2553e3d849e1bb8eda6593685987016459048f9f1a3d737e76aa5484c996d8614dac89d2,2020-07-01T18:55:21Z,https://chicago.suntimes.com/crime/2020/7/1/21310254/man-50k-bail-deadly-hit-run-13-year-old-bicycle,Man held on 50K bail in deadly hit-and-run that claimed life of 13-year-old,Chicago Sun-Times,"Oscar Martinez Guerrero continued to drive after striking the boy and did not stop to provide aid or call authorities, prosecutors said.",
338435fade3c359b947b959fddc5c2121f4264c745e64985cb5a9b37fb994a6531ab49f8baebf95a4bee05b2626f51c7628a774c1aa0cc47bb6a4609d77aa741,2020-07-12T21:59:37+00:00,https://www.chicagotribune.com/2020/07/12/50000-bond-for-driver-in-accident-that-killed-36-year-old-man/,"$50,000 bond for driver in accident that killed 36-year-old man",Chicago Tribune,"Daniel Mares, 31, is being held on $50,000 bond after a passenger in his vehicle, 36-year-old, Damon Pallanti, was killed in a crash April 14, prosecutors said. After the crash, Mares was taken to the University of Chicago Medical Center for treatment, and tests showed his blood alcohol content at 0.197, according to prosecutors. After being taken into custody on July 11, Mares told investigators he didn’t remember being involved in an accident",
9d3a4157863d338e0d9635d259bc999f7fe43e0f8acd79db49df6007bc5a5ce08fbd8ee240b8e43cdd4f70f16033788a36ebfe80b55027ba3c5c65d7df5f1ebb,2020-07-15T05:34:30-0500,https://www.cbsnews.com/chicago/news/motorcyclist-killed-in-crash-in-humboldt-park/,Motorcyclist Killed In Crash In Humboldt Park,CBS News,Police are investigating a deadly crash overnight involving a motorcyclist in Humboldt Park.,
67fbb3a6beef414c3ee4488e714c3e4dab58e95f50bda9ccfc75c9ac2553e3d849e1bb8eda6593685987016459048f9f1a3d737e76aa5484c996d8614dac89d2,2020-07-18,https://news.wttw.com/2020/07/18/new-mural-and-push-bike-lanes-commemorate-issac-martinez,New Mural — and Push For Bike Lanes — To Commemorate Boy Killed By Hit-and-Run Driver While Cycling,WTTW,The family of Issac Martinez and members of Chicago’s cycling community announced plans to gather Saturday to remember the 13-year-old killed last month and to push for safer conditions for cyclists.,
54bc24e0b44c86f17aa58571f7034f46af269501d58b8fcab82040288de9e56c332364b0d35a61a50646a3df1d4a6aa10d09c0ba56f4b6adb3ee18c8c8b23355,2020-08-03T02:36:06Z,https://chicago.suntimes.com/news/2020/8/2/21352143/hyde-park-crash-suv-2-injured-lake-shore-drive,Glenview woman dies after vehicle crashes into tree in Hyde Park,Chicago Sun-Times,"Rebecca Bordenaro, 28, of Glenview died after the 30-year-old driver of a Nissan SUV lost control northbound in the 5700 block of South Lake Shore Drive about 8:23 p.m. and struck a tree, police said.",
54bc24e0b44c86f17aa58571f7034f46af269501d58b8fcab82040288de9e56c332364b0d35a61a50646a3df1d4a6aa10d09c0ba56f4b6adb3ee18c8c8b23355,2020-08-05T19:35:45Z,https://chicago.suntimes.com/crime/2020/8/5/21355986/man-charged-dui-crash-claimed-life-girlfriend,Man charged in DUI crash that claimed life of girlfriend,Chicago Sun-Times,"Ignacio Soriano-Saldivar, 29, of Glenview was charged with DUI after prosecutors said he was driving 90 mph with a blood-alcohol content of 0.14 when he lost control of his 2015 Nissan Rogue in the 5700 block of South Lake Shore Drive, killing his girlfriend Rebecca Bordenaro.",
8ea06daca140137393d3015c57cff653eaef737e44b58239f74bafbb4189dc41f5ea1e994212494051904154587acef04d28b63f828cc8063ad3e0e8fcb3872b,2020-08-11T16:44:32Z,https://chicago.suntimes.com/2020/8/11/21363047/near-north-side-fatal-hit-run-hubbard-zoraleigh-ryan-dies,Woman dragged half a block dies in Near North Side hit-and-run; alderman blames looters,Chicago Sun-Times,"Zoraleigh Ryan, 55, was struck by a silver Ford Explorer in the first block of East Hubbard Street about 10:30 p.m. and dragged about half a block. Officers nearby tried to stop the driver, but he sped off, officials said.",
8ea06daca140137393d3015c57cff653eaef737e44b58239f74bafbb4189dc41f5ea1e994212494051904154587acef04d28b63f828cc8063ad3e0e8fcb3872b,2020-08-12T10:03:00Z,https://abc7chicago.com/river-north-hit-and-run-hit-and-run-edgar-roman/6366807/,"River North hit-and-run charges: Mother dragged to death by hit-and-run driver who circled back to strike her again, police say",ABC 7 Chicago,"Edgar Roman, 25, faces first-degree murder and attempted murder charges after police say he drove an SUV at Zoraleigh Ryan and her daughter Shannon, then circled the block and struck Ryan again.",
8ea06daca140137393d3015c57cff653eaef737e44b58239f74bafbb4189dc41f5ea1e994212494051904154587acef04d28b63f828cc8063ad3e0e8fcb3872b,2020-08-12T20:43:46-05:00,https://www.nbcchicago.com/news/local/it-was-so-violent-and-demonic-family-in-shock-after-fatal-river-north-hit-and-run/2321527/,‘It Was So Violent and Demonic:' Family in Shock After Fatal River North Hit-and-Run,NBC 5 Chicago,Zoraleigh Ryan and her daughter Shannon were visiting family in Chicago for a baby shower and had celebrated Shannon's 20th birthday at a River North steakhouse before the crash.,
90e67c1859b52dbfe27d8407e1d3f143e49c4bea5ba57003fcb066066b726c4962d25f52178ecc3237f5e140d5de542835684c681a154366602af170691d31d2,2020-08-21T15:29:09+00:00,https://blockclubchicago.org/2020/08/21/bicyclist-injured-in-river-north-hit-and-run-asks-for-help-finding-driver/,Bicyclist Injured In River North Hit-And-Run Asks For Help Finding Driver,Block Club Chicago,"Travis Nelson, a cyclist whose clavicle was broken in a hit-and-run earlier this month in River North wants to find the driver who hit him.
",
7e77139489cd7067ae50f33e048d54a9629ae9836da7654101fbd5d7b8382c929910d9d60b8781264a2a38647666122a4d5f81521a7a12388c686f064717ad2f,2020-08-22T19:33:45Z,https://chicago.suntimes.com/2020/8/21/21395103/uptown-lake-shore-drive-man-hit-killed-car-running-across,"Man hit, killed by car while crossing Lake Shore Drive in Uptown: police",Chicago Sun-Times,"Freddy Subia, 32, of Uptown was attempting to run across the 4800 block of North Lake Shore Drive toward Montrose Beach about 1 a.m. when he was hit by a northbound Toyota Corolla; police said the driver stayed at the scene and that no charges were expected.",
f85e8f04b035e63b96ad61a8963f0268bcdcab1216695fe18ce4ac8a58b57ce47ea8fb1dc3f801c513692e256bb31c304c6299f6cc4af00945ab2d83cc588524,2020-08-23,https://www.zarzyckimanorchapels.com/obituaries/Jan-Kopec?obId=18014469,"Obituary of Jan Kopec January 15, 1937  -  August 21, 2020",Zarzycki Manor Chapels,"JAN KOPEC, 83, of Chicago’s Archer Heights neighborhood, died suddenly on August 21, 2020; beloved husband of Jozefa (nee Kowalczyk); loving father Andrzej (Aneta), Piotr (Jolanta) and Barbara (Robert) Cislo; dearest grandfather of Arthur, Lukasz, Katherine, Anna, Gianna, Robert, Jr. and Philip; predeceased by his many brothers and sisters; also survived by many brothers-in-law, sisters-in-law, nieces, nephews and cousins.
",
f85e8f04b035e63b96ad61a8963f0268bcdcab1216695fe18ce4ac8a58b57ce47ea8fb1dc3f801c513692e256bb31c304c6299f6cc4af00945ab2d83cc588524,2020-08-24T16:58:19Z,https://chicago.suntimes.com/crime/2020/8/24/21399604/mario-aguilar-charged-jan-kopec-cyclist-archer-heights,"Charge filed after driver hits, kills 83-year-old bicyclist in Archer Heights",Chicago Sun-Times,"Mario Aguilar, 56, was charged with felony driving on a license revoked for a prior DUI after his Ford truck struck and killed Jan Kopec, 83, as Kopec rode north on Kostner across Archer. The driver allegedly told police he pulled forward when the light turned green and did not see the cyclist.",
f85e8f04b035e63b96ad61a8963f0268bcdcab1216695fe18ce4ac8a58b57ce47ea8fb1dc3f801c513692e256bb31c304c6299f6cc4af00945ab2d83cc588524,2020-08-24T17:42:31+00:00,https://chi.streetsblog.org/2020/08/24/driver-fatally-struck-jan-kopec-83-on-his-bike-in-archer-heights,"Driver fatally struck Jan Kopec, 83, on his bike in Archer Heights",Chicago Streetsblog,"With his passing, our city has already seen six on-street bike fatalities this year, two more than in all of 2019.",
8ea06daca140137393d3015c57cff653eaef737e44b58239f74bafbb4189dc41f5ea1e994212494051904154587acef04d28b63f828cc8063ad3e0e8fcb3872b,2020-08-26T19:35:25-05:00,https://www.nbcchicago.com/news/local/she-was-the-most-amazing-woman-family-files-lawsuit-in-deadly-hit-and-run-crash/2329215/,‘She Was the Most Amazing Woman': Family Files Lawsuit in Deadly Hit-and-Run Crash,NBC 5 Chicago,"The family of a woman killed in a hit-and-run crash earlier this month has filed a wrongful death lawsuit against the man accused in her death, claiming negligence. Edgar Roman, 25, has been charged with first-degree murder, accused of repeatedly hitting 55-year-old Zoraleigh Ryan and her daughter, Shannon, on Aug. 10 in Chicago’s River North neighborhood.",
14bf6aca4ec472455bfc46c826644c98aa7c5431ea69759e9e81a68d59d0bb13f9eabcc827e47164ce61dd84aa1f49bf78a15845c234cfbc0177083502062e56,2020-08-28T06:07:28Z,https://chicago.suntimes.com/2020/8/28/21405211/kenwood-man-killed-lake-shore-drive-crash,Man killed in crash on Lake Shore Drive in Kenwood,Chicago Sun-Times,"Jeremy J. Williams, 31, of Rosemoor was driving north about 10:24 p.m. in the 4500 block of South Lake Shore Drive when he lost control and crashed the vehicle head-on into a tree, police said.",
bf2b1e48f946549aac8902072bfa10b4e4a7eef938c20746b41eeb250ac16d098621cfcbe85c52a916c490718075981be9dac99d727d3078c35418640b401d62,2020-08-29T00:41:47Z,https://chicago.suntimes.com/2020/8/28/21406293/man-fatally-struck-vehicle-englewood-driver-custody-damen,Man fatally struck by vehicle in Englewood; driver in custody,Chicago Sun-Times,"Raymond Glenn, 67, was in the crosswalk in the 6900 block of South Damen Avenue about 3:50 p.m. when a turning driver struck him. The driver did not stop after the collision but was later pulled over by officers and was taken into custody, police said.",
4306e3c1bc00061bf4a70ccd3aa7ef66a473364f59cd7e19ac9600016428bda67c41cc1e856b555aa7b101225f7d338915b61839b4ab39c2fc1980ceaec32dd1,2020-09-03T00:04:30Z,https://chicago.suntimes.com/2020/9/2/21419007/dakaria-spicer-darnesha-johnson-gresham-crash-police-pursuit,"Girl, 10, killed by car fleeing traffic stop was headed to school to get laptop for e-learning, mom says",Chicago Sun-Times,"10-year-old Da'Karia Spicer was killed and her 5-year-old brother critically injured when a car fleeing a police traffic stop struck their father's car near 80th and Halsted, authorities said.",
2e8398d17546f234093325234a604fefb045ffbd8c0e0fb0f75f9c89f98dcfcd5db7bfa802d34c7ac9e43f827976376de56824a86d837db2a66702ba93c30453,2020-09-03T09:11:42Z,https://chicago.suntimes.com/2020/9/3/21419629/man-dies-struck-car-lake-shore-drive-uptown,"Man, 88, fatally struck by car while crossing Lake Shore Drive in Uptown",Chicago Sun-Times,"He was hit by a northbound Toyota Camry about 11:30 p.m. in the 5200 block of North Lake Shore Drive near Foster Avenue, police say. The driver remained at the scene of the crash and was not cited, police said.",
4306e3c1bc00061bf4a70ccd3aa7ef66a473364f59cd7e19ac9600016428bda67c41cc1e856b555aa7b101225f7d338915b61839b4ab39c2fc1980ceaec32dd1,2020-09-03T10:54:00Z,https://abc7chicago.com/post/1-in-custody-after-girl-killed-brother-critically-injured-in-auburn-gresham-crash/6404227/,"Girl, 10, killed and brother, 5, critically injured in Auburn Gresham car crash; suspect in custody",ABC 7 Chicago,"Chicago police said charges are pending against a suspect after a crash in Auburn Gresham killed a 10-year-old girl and critically injured her 5-year-old brother Wednesday.
",
da1fb877794a3e3737920606a370b0f43a009e0f96f26dceeaac148e09add25086549f19e16958db11e604ac0a567c5959312d951d418dd375395de8466df70d,2020-09-06T11:05:51Z,https://chicago.suntimes.com/2020/9/6/21424890/douglas-fatal-crash-lake-shore-drive,"2 dead, 2 hurt in Lake Shore Drive crash in Douglas",Chicago Sun-Times,"The Cook County medical examiner’s office identified the victims as 25-year-old Alfie Jones-Denison Jr. and 23-year-old Jazalyn Inayez-MannCalvin. Two other passengers, a 35-year-old man and 27-year-old woman, were taken to the University of Chicago Medical Center in fair condition, police said.
",
17d46252cac4fa039030d60e14ebef5e654ae07f15cba1b809b4bd132daa7346f79b994e2a7bd986f058f97b50c6233595698c0fbba2f46df9d3f4267e4077bc,2020-09-06T11:21:48Z,https://chicago.suntimes.com/2020/9/6/21424894/gold-coast-lake-shore-drive-crash-car-fire,"2 killed when car crashes, catches fire on Lake Shore Drive in Gold Coast",Chicago Sun-Times,"Jatwaun Smith, 22, of Rogers Park and Leroy Francis, 25, of West Rogers Park got out of the car and were taken to Northwestern Memorial Hospital but died after being transferred to Stroger Hospital, police said.",
17d46252cac4fa039030d60e14ebef5e654ae07f15cba1b809b4bd132daa7346f79b994e2a7bd986f058f97b50c6233595698c0fbba2f46df9d3f4267e4077bc,2020-09-07T09:49:45-0500,https://www.cbsnews.com/chicago/news/two-burned-after-car-crashes-hits-gas-line-on-lake-shore-drive/,"Two Dead After Car Crashes On Lake Shore Drive, Erupts In Flames",CBS News,Police ruled out the initially suspected ruptured gas line and could not confirm speed or alcohol as factors; a loaded 9mm pistol with an extended magazine was found near the burned vehicle.,
3f0b4ebf2e25724c3f20696ad84cad664e2fc533f7622e0933ced4b40ba472baf350bea93565c25d4a38809e5cb7df342c67e35f6570ad8e601a31bca5596e50,2020-09-09T20:08:18+00:00,https://chi.streetsblog.org/2020/09/09/chicagos-spike-in-cycling-fatalities-continues-with-first-e-divvy-death-on-near-west-side,Chicago's spike in cycling fatalities continues with first e-Divvy death on Near West Side,Chicago Streetsblog,"Andrew Ryan Biesen, 28, was struck and killed while riding a Divvy bike. It was the seventh on-street Chicago bike fatality, and the second bike-share death in Chicago.",
3f0b4ebf2e25724c3f20696ad84cad664e2fc533f7622e0933ced4b40ba472baf350bea93565c25d4a38809e5cb7df342c67e35f6570ad8e601a31bca5596e50,2020-09-14,https://www.hillsidefhcares.com/obituary/Andrew-Biesen,Obituary for Andrew Ryan Biesen | Hillside Funeral Home & Cremation Center,hillsidefhcares.com,"Andrew became a freelancer in the TV and Film Industry. He worked various positions as he traveled across the country.  Andrew was founder and owner of Chicago Production Resource Group, board member of Light Modifiers Rental, and owner of Chicago Call Sheet.",
d7ab4e5278984dbb10635b5889c401ba6b250ddce99592f8bc4d755e2d230d6767bb6e4d70a4ccfcd0d81ccdf3c465563f111cf7de732b4bd4ee71b7e9323752,2020-09-24T21:52:26Z,https://chicago.suntimes.com/2020/9/24/21455108/woman-83-killed-chatham-crash-state,"Woman, 83, killed in Chatham crash",Chicago Sun-Times,"The woman crashed her car into a cement barrier after accidentally hitting the gas pedal instead of the brakes, police said.",
08637e43608180826fdec84009e92f5b75142ccb88b7fa1e6202016c8a71a340cd5d54c581d05b57a9d00ed6242c31ad33e56d2fef2f293fb5bececaed1f7120,2020-11-06T06:37:21Z,https://chicago.suntimes.com/2020/11/6/21552293/amiel-olivio-motorcyclist-killed-nw-side-crash,Motorcyclist killed in NW Side crash,Chicago Sun-Times,"Amiel Olivio, 23, was riding the motorcycle at a high speed in the 4000 block of West Fullerton Avenue when he hit a curb and was thrown from the bike, police said.",
a3564de7023932bbeb91e2c7eeef881eef51eb398a2091ad9df385df6103d496cc5054db60c709cd4a7afde12f19835404b1fb9f56f1870f7c9ead90f7812a9a,2020-11-06T15:35:50+00:00,https://blockclubchicago.org/2020/11/06/uic-graduate-student-killed-another-injured-by-hit-and-run-driver-near-campus/,"UIC Graduate Student Killed, Another Injured By Hit-And-Run Driver Near Campus",Block Club Chicago,"Tushar Sharma, a 27-year-old mechanical engineering masters student, was identified as the student who died, campus officials said. The 32-year-old driver was later arrested.
",
08637e43608180826fdec84009e92f5b75142ccb88b7fa1e6202016c8a71a340cd5d54c581d05b57a9d00ed6242c31ad33e56d2fef2f293fb5bececaed1f7120,2020-11-09,https://www.caseyandriosfh.com/obituaries/Amiel-Edwin-Olivo?obId=18885602,Amiel Edwin Olivo Obituary,Casey & Rios Funeral Home,"Amiel E. Olivo, age 23. Beloved son of Ivette Alicea and Edwin (Sylvia) Olivo. Cherished brother of Jondilyn Zamot, Abraham Zamot, Eliott Olivo, Justin Segal, Joshua Morales, Jessica Morales, and Melissa Gonzalez.
",
a3564de7023932bbeb91e2c7eeef881eef51eb398a2091ad9df385df6103d496cc5054db60c709cd4a7afde12f19835404b1fb9f56f1870f7c9ead90f7812a9a,2020-11-12T01:24:56Z,https://chicago.suntimes.com/crime/2020/11/11/21561809/man-charged-reckless-homicide-university-village-hit-run,Man charged with reckless homicide in University Village hit-and-run,Chicago Sun-Times,"Kenneth Clay, 32, is also facing felony counts of unlawful use of a weapon by a felon, leaving the scene of an accident, possession of marijuana with intent to deliver, aggravated fleeing and aggravated battery, Chicago police said.
",
8d9a394e03f62c8e66008d9d6ed81f27398871242dff8cd5db5717f47f45c97747802981ff3025776f99198aa7069ca38c8891c63c8275467d83066be6287a36,2020-11-13T08:24:29Z,https://chicago.suntimes.com/crime/2020/11/13/21563234/woman-charged-with-dui-march-crash-that-killed-1-in-austin,Woman charged with DUI in March crash that killed man in Austin,Chicago Sun-Times,"Lisa Torres-Binder, charged with aggravated DUI causing death, allegedly had heroin, codeine, fentanyl, morphine, norfentanyl and sertraline in her system, prosecutors said. Jose Felix Sanchez Leon, 44, had been delivering food and was changing a flat tire when he was struck; Torres-Binder continued driving and struck five more vehicles before coming to a stop, prosecutors said.
",
cda7a3297556feedb0f0809f0337ad607603cf931a62964b94e0ad2322b54f7099ff762156ba59158900885beeb9b9521127cffc6c546c39e8c3f88fa10c5e96,2020-11-26T14:51:53-06:00,https://www.nbcchicago.com/news/local/family-seeks-answers-justice-after-man-killed-in-little-village-hit-and-run/2381057/,"Family Seeks Answers, Justice After Man Killed in Little Village Hit-and-Run",NBC 5 Chicago,"The family of Eliseo Mendoza is offering a reward for information after the 86-year-old was struck and killed in a crash on Tuesday near the intersection of West 26th Street and South Sawyer Avenue.
",
2eb3b1dd5dfee379baa49ea9f9cca5ed84e15c2ea441a60a8bfc5a0c547a90e0296149f342ecf6cacdbdd054aff3012668809adbda387d33a682ed00bee8b955,2020-11-27T11:21:27Z,https://abc7chicago.com/chicago-hit-and-run-burnside-crash-police/8299469/,"Burnside hit-and-run crash leaves pedestrian dead, Chicago police say",ABC 7 Chicago,"A hit-and-run crash on Chicago South Side left a pedestrian dead Thursday night, CPD officials said.",
cda7a3297556feedb0f0809f0337ad607603cf931a62964b94e0ad2322b54f7099ff762156ba59158900885beeb9b9521127cffc6c546c39e8c3f88fa10c5e96,2020-11-30T17:19:47Z,https://chicago.suntimes.com/crime/2020/11/30/21726690/little-village-hit-run-eliseo-mendoza-suv-wanted-police,Little Village crash: Driver wanted for fatally striking Eliseo Mendoza,Chicago Sun-Times,"Police shared a photo Monday of an SUV wanted in connection to a fatal hit-and-run crash on the Southwest Side. The driver of the GMC Arcadia struck an 86-year-old man Nov. 24 in the Little Village neighborhood, according to Chicago police
",
2eb3b1dd5dfee379baa49ea9f9cca5ed84e15c2ea441a60a8bfc5a0c547a90e0296149f342ecf6cacdbdd054aff3012668809adbda387d33a682ed00bee8b955,2020-12-01T01:51:48+00:00,https://chi.streetsblog.org/2020/11/30/hit-and-run-drivers-killed-pedestrians-in-little-village-chatham-past-week/,"Hit and-run drivers killed pedestrians in Little Village, Chatham last week",Chicago Streetsblog,"The driver of a northbound red Dodge Durango SUV was attempting to turn right to head east on 87th when the Honda driver struck their vehicle, and then struck the pedestrian. This caused the Dodge to flip over, striking the pedestrian, who was pronounced dead at the scene. No other injuries were reported.
",
e676cc0620d3e4c0b54384bd40d3f534c1bedb53096ec3fbdbd6702d5024cee1ddcc2e38ecb83d97b89c97d79d96f77f9904af93e49ca168ac99f108070454de,2020-12-02,https://www.fox32chicago.com/news/2-dead-after-shooting-crash-in-lawndale-chicago-police,"2 dead, 2 injured after shooting, crash in Lawndale: police",FOX 32 Chicago,"Four people fled from the vehicle that fired shots and have not been caught, Chicago police said.",
7842a9377cae4c52484de319133bc1dd2144ee02e975ec4bd4f223cc2a36d16cd37274f8c9c81a2d8bc52ce709116a6477521d29d0373e7dd0d23e631e5b4604,2020-12-03T21:28:44Z,https://chicago.suntimes.com/crime/2020/12/3/22149844/woman-killed-hit-run-crash-wacker-loop-police-christine-campbell,"Woman, 70, killed hit-and-run crash on Lower Wacker Drive: police",Chicago Sun-Times,"70-year-old Christine Campbell of Wrightwood was driving a Honda sedan about 12:20 a.m., when she collided with a Buick sedan in the intersection of the 300 block of East Wacker Drive.",
e676cc0620d3e4c0b54384bd40d3f534c1bedb53096ec3fbdbd6702d5024cee1ddcc2e38ecb83d97b89c97d79d96f77f9904af93e49ca168ac99f108070454de,2020-12-05T03:53:34Z,https://chicago.suntimes.com/crime/2020/12/2/22149698/3-dead-after-shooting-crash-in-lawndale-police,"Third person dies after shooting, crash in Lawndale",Chicago Sun-Times,"Just before 8 p.m., people inside a westbound Chevrolet fired shots toward a Kia in the 4300 block of West Roosevelt Road, Chicago police said. An autopsy found that Kiondria Richards of Dolton, and Nautica Banks of Lawndale, died of multiple injuries from the crash and ruled their deaths homicides. Another woman in the Kia, 25-year-old Tatiana Baker, died early Thursday morning from multiple gunshot wounds and injuries from the crash.
",
fd348eebbdb21cb171cc2a1a6c9c216568312dccab64a8223941020c08f92e9f4fd4f0abef993e188d7d61487793604af85524be2ff37421261d1ea71a82d04e,2020-12-06T07:50:34Z,https://chicago.suntimes.com/2020/12/6/22156799/laroy-nicholas-getz-killed-west-lawn-crash-police,Crestwood man killed in West Lawn crash,Chicago Sun-Times,"Laroy Nicholas Getz, 41, was driving on 74th Street and attempted to head north on Cicero Avenue when his vehicle flipped over and landed inside a parking lot, police said.",
81bf3f41ad0a31798698365ee0d97c491962d94507977213325f18472e2cea82f8c72545a6a66b46abe6511c278a5f6e5df08e479868a10b33cc09bf3c5b3d48,2020-12-09T11:27:10Z,https://chicago.suntimes.com/2020/12/9/22165072/person-killed-crash-4600-western-brighton-park,Man dies after crashing into tree in Brighton Park,Chicago Sun-Times,"26-year-old Rafael Gutierrez was driving a black sedan south on Western Avenue about 4 a.m., when he swerved in the 4600 block of South Western Avenue and struck a tree, police said.",
cda7a3297556feedb0f0809f0337ad607603cf931a62964b94e0ad2322b54f7099ff762156ba59158900885beeb9b9521127cffc6c546c39e8c3f88fa10c5e96,2020-12-15T13:40:00+00:00,https://blockclubchicago.org/2020/12/15/3-weeks-after-deadly-hit-and-run-little-village-family-still-seeking-answers-we-have-no-support/,"3 Weeks After Deadly Hit-And-Run, Little Village Family Still Seeking Answers: 'We Have No Support'",Block Club Chicago,"The family, along with a community organizer, is offering $25,000 for any information leading to the arrest and conviction of the driver who killed Eliseo Mendoza last month.
",
ba382fc9ddab8bb6e4b03d30594ec7ca4813e46b36fb9e560c05af91b5d2b912c75912a8368245f3cb1bedbb31e3f74fe6613ebb9b2bd69299e8d7b4a794dca7,2020-12-19T11:16:32Z,https://chicago.suntimes.com/metro-state/2020/12/19/22190240/1-killed-in-ukrainian-village-crash-police,Man killed in Ukrainian Village crash,Chicago Sun-Times,"33-year-old Moiz Uddin of West Rogers Park was driving a Toyota sedan when his car was struck by another vehicle in the 2000 block of West Augusta Boulevard, police said.
",
1844450e43fab002621c9738f406d68462afa0aeebf7634dc5d9dbd9120367b68b19f01fbb26c879c214f9254189a478a37f788de798fbc2201b6968e2c156be,2020-12-20T00:54:24Z,https://chicago.suntimes.com/2020/12/19/22191124/woman-fatally-hit-semi-morgan-park-western-gun-violence,Woman fatally hit by semi in Morgan Park,Chicago Sun-Times,"71-year-old Patricia Cole was struck by the semi’s rear tires as it completed a turn in the 11000 block of South Western Avenue, police said. An autopsy ruled her death an accident.",
27b4cdb09b1ef64f1a3aaf94eb581442f19c6326b2592fc3029751fa4f233026dc73bd807c4aeccf147bde442a71c12f9cd7adbcdbf9bafa10438293276fa3b8,2020-12-20T11:16:04Z,https://chicago.suntimes.com/crime/2020/12/20/22191506/1-killed-in-heart-of-chicago-rollover-crash-police,1 killed in Heart of Chicago rollover crash,Chicago Sun-Times,"32-year-old Casey Miller was killed after the Jeep he was riding in ran a red light and was hit by a SUV, police said; the driver of the Jeep was taken into custody.",
ba382fc9ddab8bb6e4b03d30594ec7ca4813e46b36fb9e560c05af91b5d2b912c75912a8368245f3cb1bedbb31e3f74fe6613ebb9b2bd69299e8d7b4a794dca7,2020-12-21T21:08:17Z,https://chicago.suntimes.com/crime/2020/12/21/22193798/driver-deadly-west-side-crash-charged-aggravated-dui-reckless-homicide,"Driver in deadly West Side crash charged with aggravated DUI, reckless homicide",Chicago Sun-Times,"Maliq Bent ran a red light, barreling through the intersection of Damen Avenue and Augusta Boulevard at more than 75 mph before T-boning Louis Uddin’s vehicle, Cook County prosecutors said Monday.",
39e31bab5bbc206bef9a00ec702c878b53160bb99c5fe529f92439fc10bbf1d8f27e65b50569f2e1cc5335427fac821b9fd16992229bb4bb5138046387e0b37d,2020-12-23T01:42:09Z,https://chicago.suntimes.com/metro-state/2020/12/22/22196411/shanda-monegan-dies-hit-by-car-west-englewood-ashland,Woman dies days after being hit by car in West Englewood,Chicago Sun-Times,"Shanda Monegan was walking about 11:10 a.m. Dec. 12 in the 6900 block of South Ashland Avenue when she was struck by a car, officials said.",
34f100afc25baa1d20eedd84bd5cee1426c8ae432e527b04ab570cfcb6a51973adbf23e0993af6fb43ef49a5d828b8e3edac437b1a91adff7384f1595fb35636,2020-12-26T10:24:56Z,https://chicago.suntimes.com/metro-state/2020/12/26/22200297/ella-patricia-white-rhonda-scott-killed-1-critically-injured-washington-park-crash-63rd,"2 killed, 1 critically injured in Washington Park crash",Chicago Sun-Times,"Ella Patricia White, 27, and Rhonda Scott, 29, were pronounced dead at the scene, according to police and the Cook County medical examiner’s office.
",
006bc36d54096844ab35a088201e0ccae4aca6fedff36526088c1cf8274476aa14211f536b47a46fbe94f5f19caef82eafab7a88bae0cef1e07a566197af7ca5,2020-12-30T13:22:00+00:00,https://blockclubchicago.org/2020/12/30/family-behind-churro-waffle-need-help-finding-hit-and-run-driver/,"Tragedy Strikes Churro Waffle Family Again After 12-Year-Old Boy, His Aunt Killed In Gage Park Hit-And-Run Before Christmas",Block Club Chicago,"Giovanny Bucio and his aunt, Araceli Gutierrez-Banuelos, were killed Dec. 23 when a hit-and-run driver struck them near a South Side Walgreens. They are related to the family who runs the Irving Park restaurant.",
27b4cdb09b1ef64f1a3aaf94eb581442f19c6326b2592fc3029751fa4f233026dc73bd807c4aeccf147bde442a71c12f9cd7adbcdbf9bafa10438293276fa3b8,2021-01-02T21:07:04Z,https://chicago.suntimes.com/crime/2021/1/2/22210506/fatal-crash-casey-miller-heart-chicago-charges-reckless,Driver charged in Heart of Chicago crash that left his cousin dead: prosecutors,Chicago Sun-Times,"Dominique Simmons was charged with reckless homicide and a misdemeanor count of speeding 35 mph over the limit, and two citations, after a crash that killed his 32-year old cousin, Casey Miller.
",
3c33ea1166d5cc4a44466df97b816ab8bda3d7559dfba90d0eec270613dbad17efdf03cbaaa228fe4d77ab53a613d78a965b95030f5fc5f9f8fde500080695ae,2021-01-05T18:05:00+00:00,https://blockclubchicago.org/2021/01/05/chicago-police-ran-over-woman-didnt-move-squad-car-as-it-crushed-victims-leg-for-more-than-8-minutes-video-shows/,"Chicago Police Ran Over Woman, Didn't Move SUV As It Crushed Victim's Leg For More Than 8 Minutes, Video Shows",Block Club Chicago,"More than a year after a Chicago officer hit and severely injured 32-year-old Martina Standley with a police SUV, body cam footage released Tuesday shows Standley laying in the street, bleeding from her head and her leg crushed under the SUV’s tire.",
4d58c462fb6df34c7c26df899905768e55169932d6c52d26eb4b9afd8b910e45cbade5c180ce88751f7c67cc9a959da95a564d3de1aedcc1a22d529e351398be,2021-01-06,https://www.fox32chicago.com/news/woman-charged-with-aggravated-dui-in-fatal-logan-square-crash,Driver was drunk when striking and killing 62-year-old woman in Logan Square: prosecutor,FOX 32 Chicago,"Patsy Ely was struck by Jennifer Martinez’s Dodge Caravan Monday as she walked across Fullerton Avenue, roughly 100 feet west of the intersection at Pulaski Road, prosecutors said.",
4d58c462fb6df34c7c26df899905768e55169932d6c52d26eb4b9afd8b910e45cbade5c180ce88751f7c67cc9a959da95a564d3de1aedcc1a22d529e351398be,2021-01-06T22:16:52+00:00,https://chi.streetsblog.org/2021/01/06/patsy-ely-62-killed-by-minivan-driver-in-logan-was-first-chicago-pedestrian-fatality-of-2021,"Patsy Ely, 62, killed in Logan DUI crash, was first Chicago pedestrian fatality of 2021",Chicago Streetsblog,"Drivers have killed at least two other pedestrians on Fullerton, a wide five-lane road, within two miles of this crash site in recent years.",
0b0995ab0016ef6251c800b5874cb5495d659f6c1d7824cf4749c2afa310d1c73142058318f979b7eac1057ab2c7d40a44d79119990ef7e89fa742545ca9d52c,2021-01-07T09:48:04Z,https://chicago.suntimes.com/news/2021/1/7/22218385/person-killed-crash-vincennes-gresham-police,Man dies after vehicle crash in Gresham: police,Chicago Sun-Times,"26-year-old Willie Jacobs of Marquette Park was killed while riding in a SUV that struck a tree, police said.",
d7172d4a700cc99c0931edf36e157535ce5bb7f93fe4486a8a0b39d2c2e91815150b2b823608466dce489668d009449ad118777b5d9d63e5343c0e7ba30281fa,2021-01-08T05:12:59Z,https://chicago.suntimes.com/2021/1/7/22220081/linda-washington-pedestrian-struck-killed-vehicle-chatham-police,"Woman struck, killed in rollover crash in Chatham",Chicago Sun-Times,"50-year-old Linda Washington was hit on a sidewalk on the South Side and killed, police say. The 32-year-old driver was cited for driving on a suspended license, driving without insurance and disobeying a red light, police said.",
d7172d4a700cc99c0931edf36e157535ce5bb7f93fe4486a8a0b39d2c2e91815150b2b823608466dce489668d009449ad118777b5d9d63e5343c0e7ba30281fa,2021-01-08T22:11:35+00:00,https://chi.streetsblog.org/2021/01/08/linda-washington-50-killed-while-walking-at-79th-lafayette-a-deadly-intersection,"Linda Washington, 50, killed while walking at 79th/Lafayette, a deadly intersection",Chicago Streetsblog,There are several factors that may explain why there have been so many pedestrian deaths at this location.,
64fb2d40c91d45551f786cfa004ea22fe301795adf86fdbd4f8f1e2b6859703bd2000d9359b2ebe63dc0f9f06ea8be3908ae8dbf98d72cf7c2df708f89c1c547,2021-01-13,https://www.fox32chicago.com/news/1-killed-3-injured-in-south-deering-crash-police,"1 killed, 3 injured in South Deering crash: police",FOX 32 Chicago,"One person was killed and three others injured in a vehicle crash early Wednesday in South Deering on the Far South Side, police said.",
8855feb0721cd4ab852c89803d1d1550104b75a22725f52ace17c2e1e5c15cb90c812a194ead33ccdd76fd20df1e268ba3f4c5554bd1f9443678b0c0b03d0b9b,2021-01-21,https://www.fox32chicago.com/news/5-injured-in-garfield-ridge-crash,"Girl, 12, dies in Garfield Ridge crash that injured 4 others; person arrested",FOX 32 Chicago,"A 12-year-old girl died and four others hurt after a driver veered into oncoming traffic and crashed Wednesday in Garfield Ridge on the Southwest Side. The 12-year-old was identified as Cire Robinson of Oak Lawn; police said someone was arrested in connection to the crash, but hadn't announced charges.",
8855feb0721cd4ab852c89803d1d1550104b75a22725f52ace17c2e1e5c15cb90c812a194ead33ccdd76fd20df1e268ba3f4c5554bd1f9443678b0c0b03d0b9b,2021-01-23T16:05:00Z,https://abc7chicago.com/car-crash-garfield-ridge-caught-on-camera-dash-cam/9937747/,Oak Lawn family mourns loss of 12-year-old aspiring artist killed in Garfield Ridge crash,ABC 7 Chicago,"The family of a 12-year-old Cire Robinson who died after a crash involving a suspected drunk driver is speaking out for the first time. Daniel Regalado, 27, has been charged with reckless homicide, aggravated DUI and other charges.",
95450d0fd111b1d7f94577230e44f27fb44d922341f19958e77a5e72fd7efe86c4ae90a42b0a52f814a578c20ba316e6c18fea2668a390238864f05b7e04f549,2021-01-24,https://www.fox32chicago.com/news/woman-killed-in-avalon-park-crash-police,Woman killed in Avalon Park crash: police,FOX 32 Chicago,The 27-year old was a passenger in a blue Honda that was making a turn when it crashed into an Acura. The driver of the Acura continued driving and stopped when the car caught on fire. The occupants abandoned the car and left the scene on foot.,
e293da16bbe6013ecf8bff36546a7b7da7806a5bdf8b6d104395ed8cd934bb5fca44c0dd49d69bcf807e3b76795c886eaa90b2232f7cecb23d886e6cb4ed35ab,2021-02-01T23:10:42.956Z,https://chicago.suntimes.com/news/2021/2/1/22261087/woman-dies-lake-shore-drive-crash-man-charged-dui,"Man, 23, facing DUI charges in deadly Lake Shore Drive crash",Chicago Sun-Times,"Emily Garcia, 24, was alert at the scene of Saturday’s crash near 3000 North Lake Shore Drive after the vehicle she was riding in slammed into a concrete barrier, but she later died at the hospital from her internal injuries, Assistant State’s Attorney James Murphy said. The driver, 23-year-old Manuel Perez, was ordered held on $100,000 bail for aggravated driving under the influence causing death.
",
8855feb0721cd4ab852c89803d1d1550104b75a22725f52ace17c2e1e5c15cb90c812a194ead33ccdd76fd20df1e268ba3f4c5554bd1f9443678b0c0b03d0b9b,2021-02-05T16:54:06+00:00,https://www.chicagotribune.com/2021/02/05/motorist-who-prosecutors-mistakenly-said-was-excessively-drunk-in-wreck-that-killed-12-year-old-oak-lawn-girl-apologizes-but-claims-case-isnt-fair/,"Motorist who prosecutors mistakenly said was excessively drunk in wreck that killed 12-year-old Oak Lawn girl apologizes, but claims case ‘isn’t fair’",Chicago Tribune,"Bail was reduced Friday from $500,000 to $300,000 for a motorist who prosecutors mistakenly said last month was nearly six times over the legal limit for blood alcohol content at the time of a Vittum Park car crash that killed 12-year-old Cire Robinson.",
21b0efb16b0888df56e5ec0eb89cac4feed454ffc13d5c058afc1de47b955904f27ed236f9cc13f54775e07d88918d577b029cb5f53b69d7f14d0f06c7f52f73,2021-02-12T20:10:00+00:00,https://blockclubchicago.org/2021/02/12/cyclist-critically-injured-in-avondale-hit-and-run-on-track-to-recover-shes-very-very-strong-brother-says/,"Cyclist Critically Injured In Avondale Hit-And-Run On Track To Recover: 'She's Very, Very Strong,' Brother Says",Block Club Chicago,"Alex Betzel was on her way to Home Depot Wednesday afternoon when a driver in a dark-colored car hit her, police and family said. The 31-year-old is an avid bicyclist who works as a fundraiser for WTTW.",
21b0efb16b0888df56e5ec0eb89cac4feed454ffc13d5c058afc1de47b955904f27ed236f9cc13f54775e07d88918d577b029cb5f53b69d7f14d0f06c7f52f73,2021-02-19T16:27:04+00:00,https://blockclubchicago.org/2021/02/19/cyclist-seriously-hurt-in-avondale-hit-and-run-was-hit-by-driver-in-carjacked-suv/,Cyclist Seriously Hurt In Avondale Hit-And-Run Was Hit By Driver In Carjacked SUV,Block Club Chicago,"The black Buick Enclave was stolen from a woman and a child Feb. 6, four days before the hit-and-run, police said.",
4cf7ac1bb5b91588f0bb271151f235283d2b412c32c73758a787acc275f212f93c92122a03b45e3104d1e85b19dc1bb8f6052554a1d0a0cf7e8f3a61ce9ce08b,2021-03-04,https://wgntv.com/news/2-dead-5-others-injured-in-high-speed-south-side-car-crash/,"2 dead, 5 others injured in high-speed South Side car crash",WGN-TV,"Chicago police said an 86-year-old man was driving on the 8300 block of South Pulaski Road around 9:30 p.m. Wednesday. He was driving northbound on Pulaski Road in a Ford Explorer and was trying to make a left turn on 85th Street when his car was struck on the passenger side by a Lincoln Aviator that was speeding.
",
0060ea6cb27e466462cd49a455a80389db460cd2da308bbffa032a8c60aa31932e068ae0268573fee7ade698463f63bdd731c3f5aa111a2721c835bd4a7cd522,2021-03-20T06:22:52.145Z,https://chicago.suntimes.com/2021/3/20/22341505/kawantis-robinson-5-year-old-boy-fatally-struck-walking-englewood-police,5-year-old boy struck and killed by driver while walking with family in Englewood,Chicago Sun-Times,"The driver was traveling in the 600 block of West Marquette when he struck 5-year-old boy walking on the sidewalk, police said.",
a9639a9ca165f33173b51fb99b947fc38432616587b74b41708f6552aa7d262ed244c7f2bf990bd372a53d308184e1e00af7af7f0da1469f56155bf97f33c597,2021-04-20T06:34:55.965Z,https://chicago.suntimes.com/2021/4/20/22393378/police-seeking-vehicle-wanted-fatal-hit-and-run-austin,Police release photo of car in hit-and-run that killed elderly man in Austin,Chicago Sun-Times,Police believe the driver was a woman between 20 and 25 years old.,
db1b390b8b763bad027f7c64a8b5b0d7257fa491902eadfd2388fbfecfc8c4e8f01f83ce25f5213771d34da013d722141a3b44afb83b2db454877c6a6b98821c,2021-05-18T18:25:00+00:00,https://blockclubchicago.org/2021/05/18/lincoln-park-high-school-teacher-killed-while-riding-motorcycle-in-fulton-river-district/,Lincoln Park High School Teacher Killed While Riding Motorcycle In River West,Block Club Chicago,"Alan Nuñez died Friday when a Jeep struck his motorcycle, police said. He taught physical and health education teacher at Lincoln Park High School.",
c5ade8af862bbaf2402100a354602d2ba2030f356c4e11e63bdbc946ae00cdca6e7cd093b6bdfb0ca249d04c7333a6c18df4d3dc9ab22febd202f0f2e707d15b,2021-05-25T11:47:05+00:00,https://cwbchicago.com/2021/05/30-months-probation-for-driver-who-struck-and-killed-93-year-old-edgewater-woman.html,30 months probation for driver who struck and killed 93-year-old Edgewater woman,CWBChicago,"A driver who struck and killed a 93-year-old woman in Edgewater has pleaded guilty to reckless homicide with a motor vehicle in exchange for a sentence of 30-months probation, court records show.",
8f2488d96bac9196eafefe45769d56b866d12d5617e0435d07232c0ae7bf6b129c06225670b4508fd4c0ea42b007a15e1c5b05f33ee4bf8e39201fb36a3f33ea,2021-05-26T16:06:25+00:00,https://blockclubchicago.org/2021/05/26/cyclist-32-killed-by-driver-in-logan-square-early-wednesday-police-say/,"Kevin Clark, ‘School Of Rock’ Musician, Killed By Driver While Riding Bike In Logan Square",Block Club Chicago,"Clark, 32, played Freddy ""Spazzy McGee"" Jones in the 2003 film starring Jack Black. ""He was always happiest behind that drum kit,"" his cousin said.",
8f2488d96bac9196eafefe45769d56b866d12d5617e0435d07232c0ae7bf6b129c06225670b4508fd4c0ea42b007a15e1c5b05f33ee4bf8e39201fb36a3f33ea,2021-06-02T22:48:15+00:00,https://chi.streetsblog.org/2021/06/02/driver-who-killed-school-of-rock-drummer-kevin-clark-refused-dui-blood-test,"Driver who killed ""School of Rock"" drummer Kevin Clark refused DUI blood test",Chicago Streetsblog,"The motorist was also ticketed for driving too fast for conditions and without insurance, and ticketed for running a stop sign and driving without insurance the previous month in River Forest.",
1058029886fece557d81d8463a8f7e9e99ac1c20eebb58ed9c1b37cc9e23f283cabdf96bd9157b7c4e3823e83c897897c5c51b5ffddc39477e737465b2c23814,2021-06-09T13:30:00+00:00,https://blockclubchicago.org/2021/06/09/after-another-crash-leaves-man-critically-injured-jefferson-park-neighbors-plead-for-safety-upgrades-at-dangerous-intersection/,"After Another Crash Leaves Man Critically Injured, Jefferson Park Neighbors Plead For Safety Upgrades At Dangerous Intersection",Block Club Chicago,"Northwest Side neighbors and an alderman are urging the city to install speed bumps or a stop sign to prevent repeated crashes at a residential intersection, including one this week that sent a man to the hospital. The driver then hit two parked cars, police said. He was cited for driving with an expired license.
",
8f2488d96bac9196eafefe45769d56b866d12d5617e0435d07232c0ae7bf6b129c06225670b4508fd4c0ea42b007a15e1c5b05f33ee4bf8e39201fb36a3f33ea,2021-06-14T13:54:00+00:00,https://blockclubchicago.org/2021/06/14/family-friends-honor-school-of-rock-musician-kevin-clark-with-a-loud-farewell-and-a-promise-to-fight-for-bike-safety-on-western-ave/,"Family, Friends Honor 'School Of Rock' Musician Kevin Clark With Loud Farewell — And Promise To Fight For Bike Safety On Western Avenue",Block Club Chicago,"“He wasn’t quiet. He came into a room with a burst of energy, and he was just big and vivacious,” Clark's cousin said.",
72f368a7a717d769a45cbb75e48cb903b13d24a89056b19b0fe3c9c71fbf4c0c70e16786478836f8eba7445cfd02e6863aa9cc5800be845c57466be5bc609e0c,2021-06-17T16:35:00+00:00,https://blockclubchicago.org/2021/06/17/a-hit-and-run-in-avondale-left-a-man-with-steep-hospital-bills-now-his-neighbors-are-stepping-up-to-help/,"A Hit-And-Run In Avondale Left A Man With Steep Hospital Bills. Now, His Neighbors Are Stepping Up To Help",Block Club Chicago,"Oscar Olivares, 27, was leaving Sleeping Village when a driver hit him. His friends are raising money to pay for his medical care.",
08d8b1747ca790951f856dcd6bf1e45aebf16cc6a0b5d1bfacce987741d43efc85dfbe479f3f683ce7d84d8ce40d9306e3290042fce6ffb8bdd2c2463caf7a73,2021-06-26T08:59:56.987Z,https://nyc21.nytimes-institute.com/damond-smith-ae08c987c74d,"When Damond Smith died after a police chase, his family lost a son, and its legacy.",nyc21.nytimes-institute.com,"The Smith family planned to file a civil suit against the Police Department, hoping to get some clarity on the details of the crash. After the family’s lawyer decided not to represent the case, Otis Smith said he felt like he was out of options, so the family turned inward to find some sort of peace, leaning on their faith and congregation more than ever.
",
459a382fb8c077e2d78dd0cc31bdbcf639258e031c47bfa034ab577a5c1fc856fafa066a4a39c5af0490f74c8104c6dad969b0fac460366a52d204b40f9e9be8,2021-07-15,https://wgntv.com/news/chicago-news/driver-who-fatally-struck-9-year-old-boy-in-west-ridge-was-off-duty-cop/,Driver who fatally struck 9-year-old boy in West Ridge was off-duty cop,WGN-TV,"The driver of a pickup truck who fatally struck 9-year-old Hershel Weinberger in West Ridge was an off-duty police officer. Police union president John Catanzara said the officer, 48, did not see the boy before striking him.",
b28bbe1ca8d7ae194da89b7af64949e4205333d3f1e44e13b5400f449759397fa2288d164e62e08a047a6b3765fda5f9ce4c71fd214cb9c964c16ac14826b17a,2021-07-26,https://www.chicagolandcremationoptions.com/obituary/thomas-tommy-travers-1,"Thomas ""Tommy"" Malachy Travers Obituary Jul 26, 2021",chicagolandcremationoptions.com,"Thomas “Tommy” Malachy Travers, age 59, died suddenly on July 26, 2021. Cherished son of Marge, nee Callow, and the late Charlie Travers; proud brother to the late Patrick, Tim (Tricia), Mike (Sarah), Bernadette (Michael) Colletti, Cassie (Denis) O’Connor, Margie (Dave) Needleman, Terry, Mary, Norah (Eamonn) O’Connor, Rita (Noel) Skelton, Barbara, Rosie (Conal) Gillespie, Aidan (Denise) and Sheila",
b28bbe1ca8d7ae194da89b7af64949e4205333d3f1e44e13b5400f449759397fa2288d164e62e08a047a6b3765fda5f9ce4c71fd214cb9c964c16ac14826b17a,2021-07-29T18:30:00+00:00,https://blockclubchicago.org/2021/07/29/after-jefferson-park-cyclist-killed-on-milwaukee-avenue-advocates-push-city-to-fix-the-bike-highway-before-someone-else-dies/,"After Jefferson Park Cyclist Killed On Milwaukee Avenue, Advocates Push City To Fix The 'Bike Highway' — Before Someone Else Dies",Block Club Chicago,"“We need protected routes on major ways or intermediary routes to bike safely — and we needed it years ago,” said a Northwest Side cycling advocate.",
459a382fb8c077e2d78dd0cc31bdbcf639258e031c47bfa034ab577a5c1fc856fafa066a4a39c5af0490f74c8104c6dad969b0fac460366a52d204b40f9e9be8,2021-07-30T23:02:50+00:00,https://chi.streetsblog.org/2021/07/30/cop-who-killed-hershel-weinberger-9-was-previously-suspended-after-drunken-suicide-threat,Cop who killed Hershel Weinberger was suspended after drunken suicide threat,Chicago Streetsblog,"It's not clear whether terminating the officer back in 2000 would have prevented him from killing the boy on his bicycle, but the cop deserves to be fired for his recklessness now.",
3cd5638ca652cbd204faad6e1ba93f335f0a2fc455a0bb2e98be3c4f27d758a0791b82fed27fa5863fa12bcb185fd1b1fd97986520d3d97c6e9ec841f9d277c2,2021-08-17T12:50:00+00:00,https://blockclubchicago.org/2021/08/17/west-loop-community-leader-badly-hurt-in-hit-and-run-at-dangerous-intersection-this-is-absolutely-devastating/,West Loop Community Leader Badly Hurt In Hit-And-Run At Dangerous Intersection: 'This Is Absolutely Devastating',Block Club Chicago,Community advocate May Toya is facing a long recovery after a driver injured her in a hit-and-run over the weekend in the West Loop.,
aee57de225c5a4e069c0fb0ecb0517c0d22b5ec30c343ad9c982cc17f8b209c92bf5fd8b2dc22dd6b580264c86f50984603c3d912f9c8ae5f9c7ca7401fc5af1,2021-08-19T22:52:00Z,https://abc7chicago.com/post/wrigleyville-hit-and-run-crash-sophie-allen/10962604/,"Wrigleyville hit-and-run survivor recalls crash that killed best friend, begs driver to come forward",ABC 7 Chicago,"""Part of me is like, what was the last thing that I said to my best friend?"" Nahiomy Alvarez said. ""I do not think that I will ever remember and that breaks my heart.""",
aee57de225c5a4e069c0fb0ecb0517c0d22b5ec30c343ad9c982cc17f8b209c92bf5fd8b2dc22dd6b580264c86f50984603c3d912f9c8ae5f9c7ca7401fc5af1,2021-08-23,https://www.dignitymemorial.com/obituaries/cary-nc/sophie-allen-10315492,"Sophie Allen Obituary - Cary, NC",dignitymemorial.com,"Sophie has always been an incredible person: joyful, dynamic, smart, accomplished, outrageously ambitious, and caring just begin to describe her. She was fiercely passionate about everything: friends, family, puppy dogs, soccer, Duke, travel, food, reading, spin cycling, surfing... the list goes on and on. Sophie never met a stranger, and she fully lived every single second of her amazing life with unbelievable energy and joy. She was a natural leader and always left everything on the field.",
a853f5879e1cf4bda7e674428352d1a01541da217cc570a652f33fb05adc0473dcd3495c2dab057334464eb2aefe6144d0e37987ea79631a4c9ad9cff3fb24f2,2021-09-03T19:48:41.879Z,https://chicago.suntimes.com/2021/9/3/22648624/evidence-fails-to-produce-arrest-hit-and-run-death-of-prominent-entertainment-lawyer-linda-mensch,Evidence from witnesses and police camera fails to produce an arrest in hit-and-run death of prominent entertainment lawyer,Chicago Sun-Times,At least three witnesses said they saw the driver as he briefly got out of his van. Police have the license plate number and the name of the owner. A surveillance camera caught the hit-and run.,
a853f5879e1cf4bda7e674428352d1a01541da217cc570a652f33fb05adc0473dcd3495c2dab057334464eb2aefe6144d0e37987ea79631a4c9ad9cff3fb24f2,2021-09-07T19:57:09+00:00,https://chi.streetsblog.org/2021/09/07/why-havent-police-arrested-the-driver-who-killed-linda-mensch,Why haven't police arrested the driver who killed Linda Mensch?,Chicago Streetsblog,"Despite testimony at least three witnesses, police camera footage, a license plate number, and the name of the vehicle owner, no one is in custody.",
b8e389db57f8f7ac9c15e2a6d4684ea646f2f23f9e10a0ad698b976c54b3e6e102a3be79d8170ae9cdd95663f56eeb1c8f9d15dcdf2ef0c8678350fa880b1ad7,2021-10-28T21:47:51+00:00,https://chi.streetsblog.org/2021/10/28/man-32-on-bike-suffered-brain-injury-when-driver-entering-dlsd-struck-him,Vigil planned for fallen cyclist Adé Hogue on Tuesday 6 PM at Grand and LFT,Chicago Streetsblog,"""It's hard to say who's really at fault,"" a witness said. ""I don't know how she didn't see him.""",
b8e389db57f8f7ac9c15e2a6d4684ea646f2f23f9e10a0ad698b976c54b3e6e102a3be79d8170ae9cdd95663f56eeb1c8f9d15dcdf2ef0c8678350fa880b1ad7,2021-11-02T12:50:00+00:00,https://blockclubchicago.org/2021/11/02/ade-hogue-cyclist-designer-crash/,"Adé Hogue, Beloved Cyclist And Designer, Mourned By Thousands After Being Killed In Downtown Crash",Block Club Chicago,STREETERVILLE — A popular Chicago bicyclist and graphic designer died Friday after a driver hit him while he was riding his bike Downtown. About 8:35 p.m.,
433dfa0ec91c186edbc0b041d255c0ba3de29d98b416f699b48415ac8221b939f189342b16cffc20b6375f872578c1f9a1b17e271682cae54a51bf51a00814d7,2021-11-17T16:17:40+00:00,https://blockclubchicago.org/2021/11/17/driver-kills-pedestrian-then-flees-at-notoriously-dangerous-south-shore-intersection/,Driver Kills Pedestrian In Hit-And-Run At Notoriously Dangerous South Shore Intersection,Block Club Chicago,A driver killed a woman Tuesday morning in a hit-and-run crash at a South Side intersection once named the most dangerous in the city.,
ae5fe4f2408cb4ff7ed606b437da88a66c374a95f71d52a4cfdab0b913a35f524bc30ecb6c707a5ac2e3f2d26c5ee4bdd46be70b7975a5d83349a14ab603bc83,2021-11-26T23:27:00-06:00,https://chi.streetsblog.org/2021/11/26/hit-and-run-driver-killed-uptown-fixture-paul-aning-39-who-was-reportedly-homeless,GoFundMe launched for Uptown hit-and-run survivor Paul Aning,Chicago Streetsblog,"Paul Aning, 39, was crossing the street when the driver of a silver Camaro struck him and fled in an unknown direction. Aning was taken to Illinois Masonic Hospital in critical condition.",
aee57de225c5a4e069c0fb0ecb0517c0d22b5ec30c343ad9c982cc17f8b209c92bf5fd8b2dc22dd6b580264c86f50984603c3d912f9c8ae5f9c7ca7401fc5af1,2021-12-14T19:50:00+00:00,https://blockclubchicago.org/2021/12/14/man-who-killed-woman-in-wrigleyville-hit-and-run-fled-another-crash-seconds-before-striking-her-prosecutors-say/,"Man Who Killed Woman In Wrigleyville Hit-And-Run Fled Another Crash Seconds Before Striking Her, Prosecutors Say",Block Club Chicago,"Brett Dimick, of Old Town, faces three felony charges, including reckless homicide and failing to report an accident resulting in death and injury in the Aug. 14 crash. Police and prosecutors said he was driving a gold BMW X3 and ran a stop sign at Addison and Fremont streets, drove up onto the sidewalk of Fremont and hit friends Sophie Allen and Nahiomy Alvarez. Allen, 27, died, and Alvarez was badly injured.",
53531e4027c00300354e3cb66d57bea2e36c7ef66b40643f4c197fd3ed1d4657f9434b15b8465ebc963ef4d1bd883c4faedb13fbf8527d54199e969d0da01af9,2021-12-21T01:00:19+00:00,https://chi.streetsblog.org/2021/12/20/jose-velasquez-16-fatally-struck-by-truck-driver-remembered-at-gathering-on-the-606,"Jose Velásquez, 16, fatally struck by trucker, remembered at gathering on The 606",Chicago Streetsblog,"Almost a hundred attendees stopped by to pay their respects, the majority of whom were teens and young adults.",
a3564de7023932bbeb91e2c7eeef881eef51eb398a2091ad9df385df6103d496cc5054db60c709cd4a7afde12f19835404b1fb9f56f1870f7c9ead90f7812a9a,2022-02-08T09:16:00+00:00,https://cwbchicago.com/2022/02/driver-gets-9-years-for-killing-uic-doctoral-student-while-on-parole-for-fleeing-and-eluding.html,Driver gets 9 years for killing UIC doctoral student — while on parole for fleeing and eluding,CWBChicago,"A man has pleaded guilty to striking and killing a UIC student who was walking to class in November 2020 while allegedly driving at twice the speed limit — and while on parole for aggravated fleeing and eluding.
",
3c33ea1166d5cc4a44466df97b816ab8bda3d7559dfba90d0eec270613dbad17efdf03cbaaa228fe4d77ab53a613d78a965b95030f5fc5f9f8fde500080695ae,2022-02-09T15:54:22+00:00,https://aaraynerandsonsfuneralhome.com/2022/02/martina-a-standley-obituary/,Martina A Standley Obituary,AA Rayner and Sons Funeral Homes,,
7842a9377cae4c52484de319133bc1dd2144ee02e975ec4bd4f223cc2a36d16cd37274f8c9c81a2d8bc52ce709116a6477521d29d0373e7dd0d23e631e5b4604,2022-02-23T17:03:00Z,https://abc7chicago.com/loop-hit-and-run-lower-wacker-drive-crash/11592540/,"Reckless homicide charges filed in Lower Wacker hit-and-run that killed woman, 70",ABC 7 Chicago,"Marcel Windham, 21, was arrested Tuesday after he was identified as the driver who struck Christine Campbell's car and continued without stopping, Chicago police said.
",
d3c723f453b3319348065ff841f12ce994b136b1e8bcbeef2a4b9657e7e1adb28e4f4015c9efe8970adefa494a84b168e5c4469ac2ae47b48a2b1946d786a082,2022-03-04T00:38:19+00:00,https://chi.streetsblog.org/2022/03/03/cisco-engineer-gerardo-marciales-41-fatally-struck-while-crossing-dlsd-on-a-divvy-bike,"BMW driver fatally struck Gerardo Marciales, 41, as he crossed DLSD on a Divvy bike",Chicago Streetsblog,"Police say the motorist ""instead of turning left according to the traffic signal, continued north,"" but he wasn't cited.",
3393aa52624d5b0da7b2690f02e6956fc026f50f7038c400c4f47ced2058dcf7e7ca1f4c3419080516f3483c15e3cdd1937c24750feedb12773af813334c535c,2022-04-21T17:23:09+00:00,https://blockclubchicago.org/2022/04/21/bicyclist-dies-days-after-driver-hit-him-in-west-loop-dragged-his-bike-under-car-officials-say/,"Bicyclist Dies Days After Driver Hit Him In West Loop, Dragged His Bike Under Car, Officials Say",Block Club Chicago,"Bicyclist Paresh Dinesh Chhatrala had been hospitalized after the crash. The driver tried to take off but was stopped by witnesses, police said.",
3393aa52624d5b0da7b2690f02e6956fc026f50f7038c400c4f47ced2058dcf7e7ca1f4c3419080516f3483c15e3cdd1937c24750feedb12773af813334c535c,2022-04-27,https://www.dupagecremations.com/obituaries/Paresh-D-Chhatrala?obId=24670409,Obituary information for Paresh D. Chhatrala,dupagecremations.com,"April 29, 1979  -  April 20, 2022",
d3c723f453b3319348065ff841f12ce994b136b1e8bcbeef2a4b9657e7e1adb28e4f4015c9efe8970adefa494a84b168e5c4469ac2ae47b48a2b1946d786a082,2022-04-29T14:41:22+00:00,https://blockclubchicago.org/2022/04/29/ghost-bike-put-up-downtown-to-honor-gerardo-marciales-but-officials-say-itll-likely-get-cut-down-soon/,Ghost Bike Put Up Downtown To Honor Gerardo Marciales — But Officials Say It'll Likely Get Tossed Soon,Block Club Chicago,"The family of Gerardo Marciales honored his life with a ghost bike and vigil Thursday Downtown, where a driver hit and killed the bicyclist.",
d13af63d1050df54e76b6fc359ab99e3aae816067372bc3b36403b197da8497d2126697e18ecdf41aca9eda5dd74c6ae7fb33250dbc9399f59c09e755320ea8c,2022-05-05T10:20:00Z,https://abc7chicago.com/post/chicago-hit-and-run-bicyclist-killed-bicycle-crash-crime/11819781/,"Bicyclist killed in Old Irving Park hit-and-run crash; person of interest ID'd, police say",ABC 7 Chicago,"A person of interest in being questioned after a bicyclist was killed in a hit-and-run on the Northwest Side Wednesday night, Chicago police said.",
d13af63d1050df54e76b6fc359ab99e3aae816067372bc3b36403b197da8497d2126697e18ecdf41aca9eda5dd74c6ae7fb33250dbc9399f59c09e755320ea8c,2022-05-06T13:39:00+00:00,https://blockclubchicago.org/2022/05/06/the-deadliest-street-for-cyclists-in-chicago-after-young-man-killed-in-hit-and-run-advocates-ask-what-will-it-take-for-city-to-fix-milwaukee-ave/,"After Young Man Killed On Deadly NW Side Stretch, Advocates Ask: What Will It Take For City To Fix Milwaukee Ave.?",Block Club Chicago,A driver hit and killed bicyclist Nick Parlingayan Wednesday night just across the street from where a driver killed bicyclist Carla Aiello in 2019. Parlingayan is the third bicyclist a driver has killed this year in Chicago.,
d13af63d1050df54e76b6fc359ab99e3aae816067372bc3b36403b197da8497d2126697e18ecdf41aca9eda5dd74c6ae7fb33250dbc9399f59c09e755320ea8c,2022-05-07T11:34:11Z,https://abc7chicago.com/post/chicago-crash-old-irving-park-hit-and-run-milwaukee-avenue-nick-parlingayan/11825711/,"Chicago man charged in Old Irving Park hit-and-run crash that killed bicyclist, 23",ABC 7 Chicago,Chicago police said 57-year-old Phil Pinkawa hit 23-year-old Nick Parlingayan as he was biking on the NW Side.,
49c4a3e147876869eebb0352d0aa38e388202ec9be8553318ede1e00629e6676154172a738b8a2c1eeb7b49b07b70e63b8c51a94084eedf81e3f992a60819c14,2022-05-12T22:45:00+00:00,https://blockclubchicago.org/2022/05/12/bicyclist-hospitalized-after-driver-hits-him-in-lincoln-square-intersection/,Bicyclist Hospitalized After Driver Hits Him In Lincoln Square Intersection,Block Club Chicago,"A 62-year-old bicyclist was hurt this week after a driver hit him at a Lincoln Square intersection, according to witnesses and police, and the local alderperson said the crash occurred in an area where he has pushed for infrastructure fixes to slow down cars.
",
7842a9377cae4c52484de319133bc1dd2144ee02e975ec4bd4f223cc2a36d16cd37274f8c9c81a2d8bc52ce709116a6477521d29d0373e7dd0d23e631e5b4604,2022-05-23,https://www.nbcchicago.com/investigations/left-for-dead-why-do-chicago-police-solve-so-few-hit-and-runs-one-investigation-points-to-major-issues/2840281/,"Left for Dead: Why Do Chicago Police Solve So Few Hit-and-Runs? One Investigation Points to Major Issues
",NBC 5 Chicago,"
Of the roughly 37,000 hit-and-run crashes the city saw in 2021, Chicago police made arrests in just 95 cases, according to city data obtained and analyzed by NBC 5 Investigates. That’s an arrest rate of 0.3% - just three arrests out of every 1,000 crashes.


The night that Christine Campbell was killed in a hit-and-run, police impounded the abandoned car and knew who owned it, listing his name in the crash report: 20-year-old Marcel Windham. It would be 14 months before Windham was charged in connection with the crash. Hundreds of pages of court records and documents obtained by NBC 5 Investigates also reveal that Chicago police arrested Windham five times on unrelated offenses in the months between the crash and when he was eventually charged.
",
47f8a1921302ed8a7f3cded68c997191268ece2313db6ef221ee04d4c324c67fdfefab463c6cfe4a4adc3bb572fe8ed6366dd60206dba03cff50d3d86b5a921b,2022-06-06T19:45:00+00:00,https://blockclubchicago.org/2022/06/06/after-driver-hits-kills-2-year-old-in-lincoln-square-neighbors-donate-thousands-to-support-boys-family/,"After Driver Hits, Kills 2 Year Old In Lincoln Square, Neighbors Donate Thousands To Support Boy's Family",Block Club Chicago,"Lincoln Square neighbors have rallied around the family of 2-year-old Raphael “Rafi” Cardenas, who was riding a mini-scooter in the neighborhood when a driver hit and killed him last week.",
3393aa52624d5b0da7b2690f02e6956fc026f50f7038c400c4f47ced2058dcf7e7ca1f4c3419080516f3483c15e3cdd1937c24750feedb12773af813334c535c,2022-06-07T15:45:55+00:00,https://blockclubchicago.org/2022/06/07/driver-accused-of-killing-west-loop-cyclist-before-fleeing-charged-with-reckless-homicide/,"West Loop Workers Chased And Held Hit-And-Run Driver Who Killed A Cyclist, Prosecutors Say",Block Club Chicago,"Courtney Bertucci was arrested Monday and charged with reckless homicide, failure to report an accident resulting in death and drug possession in connection with the April 16 crash in West Loop.",
c1711eaa9078e952b0c1db05732c4dbc4d2b7cf2b03f3965ddc1642ac57ede45227efacf655187109f27a0c0c1fa3471913d26e00781d9b1bc0c3b753a58e189,2022-06-09T16:03:22+00:00,https://blockclubchicago.org/2022/06/09/girl-3-dies-after-bike-and-semi-truck-crash-in-uptown-police-say/,"Girl, 3, Killed After Bike Crash Involving Semi-Truck, ComEd Truck Blocking Bike Lane In Uptown",Block Club Chicago,3-year-old Elizabeth Grace Shambrook was killed when a semi-truck hit her mom's bike Thursday morning in Uptown.,
c1711eaa9078e952b0c1db05732c4dbc4d2b7cf2b03f3965ddc1642ac57ede45227efacf655187109f27a0c0c1fa3471913d26e00781d9b1bc0c3b753a58e189,2022-06-11T11:39:00Z,https://abc7chicago.com/post/chicago-bike-accident-3-year-old-killed-elizabeth-grace-shambrook-lawyer/11947894/,"Chicago bike accident: Family of 3-year-old girl killed in Uptown planning lawsuits, lawyer says",ABC 7 Chicago,"The girl's father, who was following on his own bike, said his wife was ""crowded"" between the semi on the street and the ComEd truck parked in the bike lane.",
0a6387060e7a1e08a0279d80eea6fd0fe6f1afbcc62e941146cb92d4140c5eee22db42652e8786f50efb71fcdd0232ba1ff2ce595b59fd00136540ad1fb06ce4,2022-06-13T19:10:00+00:00,https://blockclubchicago.org/2022/06/13/longtime-north-side-ward-volunteer-killed-after-driver-hits-him-in-north-center/,Longtime North Side Volunteer Killed After Driver Hits Him In A North Center Crosswalk,Block Club Chicago,LINCOLN SQUARE — A Lincoln Square man who regularly volunteered for Ald. Matt Martin's 47th Ward office and organized to help neighbors during the,
0a6387060e7a1e08a0279d80eea6fd0fe6f1afbcc62e941146cb92d4140c5eee22db42652e8786f50efb71fcdd0232ba1ff2ce595b59fd00136540ad1fb06ce4,2022-06-14T11:20:00+00:00,https://chi.streetsblog.org/2022/06/14/distracted-driver-killed-peter-paquette-75-hours-after-nearby-safe-streets-rally,"Distracted driver killed Peter Paquette, 75, hours after nearby safe streets rally",Chicago Streetsblog,"A mile south of the starting point for that the Walk + Roll for Safe Streets demonstration, the site where Rafi Cardenas, 3, was killed earlier this month, yet another person was lost to traffic violence.",
0a6387060e7a1e08a0279d80eea6fd0fe6f1afbcc62e941146cb92d4140c5eee22db42652e8786f50efb71fcdd0232ba1ff2ce595b59fd00136540ad1fb06ce4,2022-06-17T05:05:00+00:00,https://www.chicagotribune.com/obituaries/peter-j-paquette-chicago-il/,"Peter Paquette Obituary - Chicago, IL",Chicago Tribune,"Peter J Paquette, loving husband, father, grandfather, uncle, brother and friend passed away unexpectedly on Sunday, June 12, 2022 at the age of 75. He is survived by his wife JoAnn Paquette; his children Mary Margaret (Mark) Mullen and…",
b98062f9bec2ece1ac05057d82542528440716bfbb9562243e01aefd0e1ef54b76570285b890bfd6ddb2343c360c2f3152f324b0b8a083417d7052e330955622,2022-06-17T10:03:00Z,https://abc7chicago.com/post/north-lawndale-hit-and-run-crash-chicago-police-west-16th-street-cpd/11968522/,"'He didn't get to live his life': Car recovered, balloon release held for boy killed in hit-and-run",ABC 7 Chicago,The family of an 11-year-old boy demanding answers after he was killed in a hit-and-run on the city's North Lawndale neighborhood Thursday.,
47f8a1921302ed8a7f3cded68c997191268ece2313db6ef221ee04d4c324c67fdfefab463c6cfe4a4adc3bb572fe8ed6366dd60206dba03cff50d3d86b5a921b,2022-06-23T00:22:27.028Z,https://chicago.suntimes.com/2022/6/22/23179365/neighbors-gather-mourn-lincoln-square-toddler-killed-car-push-cyclist-safety-measures,"Neighbors gather to mourn Lincoln Square toddler killed by car, push for cyclist safety measures",Chicago Sun-Times,"“I’m hoping we can look back and say this is a time when things changed,” Ald. Matt Martin (47th) said following the death of 2-year-old Rafi Cardenas.",
,2022-06-29,https://news.wttw.com/2022/06/29/city-announces-plan-upgrade-all-protected-bike-lanes-concrete-amid-outcry-over-cyclist,City Announces Plan to Upgrade All Protected Bike Lanes to Concrete Amid Outcry Over Cyclist and Pedestrian Deaths,WTTW,"The city plans to upgrade 15 miles of existing protected bike lanes and add 10 new miles by the end of this year, and upgrade the remaining existing lanes protected by bollards or other means by the end of next year.",
cb92e0809b2eba6d4684a8be6ecc73097d92f32adeb8a0e64e73548383290dad466169e5180b79136a1fa9f52c85a4270a4ce2e53b2763171fb8bddc52881ed2,2022-07-01T21:48:04+00:00,https://chi.streetsblog.org/2022/07/01/a-witness-discusses-how-a-speeding-postal-worker-killed-joshua-avina-15-on-his-bike,"A witness discusses how a negligent postal worker killed Joshua Avina, 15, on his bike",Chicago Streetsblog,"""This is yet another tragic example of one of Chicago's children not being able to ride safely in the city's streets,"" said an attorney from a local bike-focused firm.",
ffbdb32c73eaeb6bdcf30b66f5cb4523072b30943b81e50f6e58c2ff950f2d69e3cfb945b21f63d03846d2b5a571bfcc230faf486cd885d9f4ed85834f932344,2022-07-18T15:33:00-05:00,https://www.hpherald.com/evening_digest/remembering-writer-teacher-and-activist-hannah-hayes/article_db6867e0-06d8-11ed-886b-bf4d44a12da1.html,"Remembering writer, teacher and activist Hannah Hayes",Hyde Park Herald,"Hannah (Anne) Hayes, daughter of the South Side, writer, teacher, activist, beloved Hyde Parker, sibling, wife and mother was killed by a hit-and-run driver in Hyde Park, Monday evening, July",
ffbdb32c73eaeb6bdcf30b66f5cb4523072b30943b81e50f6e58c2ff950f2d69e3cfb945b21f63d03846d2b5a571bfcc230faf486cd885d9f4ed85834f932344,2022-07-19T01:10:00Z,https://abc7chicago.com/post/bronzeville-hit-and-run-hannah-hayes-killed-suspects/12059764/,"Bronzeville hit-and-run victim ID'd as journalist, activist Hannah Hayes; suspects still at large",ABC 7 Chicago,"Hannah Hayes was a fierce advocate for public education and worked for decades to make Chicago a better place for everyone, especially young people, her husband recalls.",
6a82e0ef10b056b96add8d5c10c341cd7e754a4d00a7ada1798d89ab4735f8a73648b1dc2bc8edb818137ea8c00bc7d092766370e8377417d5611df3ce91995f,2022-08-11T21:15:00+00:00,https://blockclubchicago.org/2022/08/11/5-year-old-boy-killed-by-hit-and-run-driver-was-looking-forward-to-kindergarten-devastated-family-says/,"5-Year-Old Boy Killed By Hit-And-Run Driver Was Looking Forward To Kindergarten, Devastated Family Says",Block Club Chicago,"Taha Khan was looking forward to having a Pikachu-themed birthday party and starting kindergarten next month, his family said. Taha, 5, was killed about 9 p.m. Wednesday after he walked out of his home in the 6300 block of North Cicero Avenue and drivers of two cars hit him.",
6a82e0ef10b056b96add8d5c10c341cd7e754a4d00a7ada1798d89ab4735f8a73648b1dc2bc8edb818137ea8c00bc7d092766370e8377417d5611df3ce91995f,2022-08-12T00:40:57.870Z,https://chicago.suntimes.com/crime/2022/8/11/23301138/taha-khan-crash-cicero,‘Where is Taha?’ 5-year-old boy dies when he is hit by two cars after wandering from Northwest Side home,Chicago Sun-Times,"The driver of a Jeep that hit the boy fled the scene, but the driver of a Volvo that also struck the boy stopped and performed CPR, according to police.",
f587687869863fd69783e7d82269ec9a242616a8692da7d8019430349bebaff7ea3634461390268c166af40e6d0e76bfc0f9e16c8ebb6dfdde44054bf42a9d8f,2022-08-16,https://wgntv.com/news/chicagocrime/appears-to-be-intentional-3-men-killed-in-hit-and-run-outside-of-jeffrey-pub-idd/,"‘Appears to be intentional’: 3 men killed in hit-and-run outside of Jeffrey Pub ID’d
",WGN-TV,"Witnesses told police there was a fight outside of The Jeffery Pub, a popular LGBTQ bar located in the 7000 block of South Jeffery Boulevard, when the sedan plowed through the group.
",
f587687869863fd69783e7d82269ec9a242616a8692da7d8019430349bebaff7ea3634461390268c166af40e6d0e76bfc0f9e16c8ebb6dfdde44054bf42a9d8f,2022-08-16T06:55:45+00:00,https://cwbchicago.com/2022/08/chicago-police-20-minute-response-driver-killed-wounded-jeffery-pub.html,"Chicago police took more than 20 minutes to arrive after driver killed 3, wounded 2 outside Jeffery Pub",CWBChicago,Chicago police needed more than 20 minutes to arrive after a driver killed 3 men and injured another in an apparently intentional attack outside Jeffrey Pub.,
f587687869863fd69783e7d82269ec9a242616a8692da7d8019430349bebaff7ea3634461390268c166af40e6d0e76bfc0f9e16c8ebb6dfdde44054bf42a9d8f,2022-08-23T17:20:00+00:00,https://blockclubchicago.org/2022/08/23/man-charged-with-murder-in-jeffery-pub-hit-and-run-that-killed-3-people/,"Man Charged With Murder In Jeffery Pub Hit-And-Run That Killed 3: ‘This Was An Execution By Vehicle,’ Prosecutors Say",Block Club Chicago,"SOUTH SHORE — A South Side man was driving nearly 60 mph when he slammed into a group of men, killing three and injuring a fourth, and drove off last",
282a5bd3c9d31d997a00d2822d68367b4d695422632bfba07b2a755206ce4e9c6cb09b8cb3a3ba34ff69d03144a8bd148ba14f74ce08028fd73adc37628d8238,2022-08-29T14:05:00+00:00,https://blockclubchicago.org/2022/08/29/drag-racer-killed-woman-crossing-street-during-chaotic-weekend-of-street-takeovers-police-say/,"Drag Racer Killed Woman Crossing Street During Chaotic Weekend Of Street Takeovers, Police Say",Block Club Chicago,"A driver in a South Side drag race hit and killed a 40-year-old woman, identified as Shawman Meireis, early Sunday, capping a weekend that saw street takeovers — including car stunts and racing — draw large crowds and occupy intersections across the city, including Downtown.",
a853f5879e1cf4bda7e674428352d1a01541da217cc570a652f33fb05adc0473dcd3495c2dab057334464eb2aefe6144d0e37987ea79631a4c9ad9cff3fb24f2,2022-08-29T20:19:29-05:00,https://www.nbcchicago.com/investigations/friends-of-hit-and-run-victim-say-officials-wont-respond-to-their-pleas-for-justice/2926752/,Friends of Hit-and-Run Victim Say Officials Won't Respond to Their Pleas for Justice,NBC 5 Chicago,"One year after the hit-and-run that killed Linda Mensch, her loved ones continue to fight for justice in her case – even as they say police won’t respond to them.",
282a5bd3c9d31d997a00d2822d68367b4d695422632bfba07b2a755206ce4e9c6cb09b8cb3a3ba34ff69d03144a8bd148ba14f74ce08028fd73adc37628d8238,2022-08-30,https://www.bibberfuneral.com/memorials/shawman-meireis/5012373/,Shawman Meireis Obituary - Visitation & Funeral Information,bibberfuneral.com,"Shawman was brilliant, beautiful and athletic; she loved life and was always on the go. She enjoyed travel, music, camping, the outdoors and crafting. Shawman was the queen of color, fun and candy. She was the ultimate gift giver, memory keeper, cheerleader, daughter, sister, aunt, partner and friend. Her radiant smile and fun-loving ways will not be forgotten. Her heart was open, generous and had the ability to connect to many.",
6a82e0ef10b056b96add8d5c10c341cd7e754a4d00a7ada1798d89ab4735f8a73648b1dc2bc8edb818137ea8c00bc7d092766370e8377417d5611df3ce91995f,2022-08-30,https://www.fox32chicago.com/news/suv-hit-and-run-killed-5-year-old-boy-edgebrook,Chicago police release photos of Jeep that hit 5-year-old boy in fatal hit-and-run,FOX 32 Chicago,Chicago police released images of a red Jeep wanted in a hit-and-run that killed a 5-year-old boy earlier this August in the Edgebrook neighborhood.,
643c587bbae60800977d9319420ce6d1c3795aba894b6c2f36f90d5d4c7a25b0e653d9ee3c3e8d4564be4eb3e9daead7f86981cf22c67da43ec4a3f222c98ede,2022-09-08,https://news.wttw.com/2022/09/08/cyclist-struck-vehicle-transported-hospital-after-river-west-crash-witness-says,Cyclist Struck and Killed By Driver in River West; Fifth Cyclist Death in Chicago This Year,WTTW,"A witness to the crash told WTTW News the man was a cyclist riding on an e-bike. The Chicago Fire Department confirmed a man in 40s was struck near Milwaukee Avenue and Morgan Street in River West and taken to Northwestern Memorial Hospital in serious to critical condition, though the department described him as a motorcyclist.",
,2022-09-08T20:49:38+00:00,https://blockclubchicago.org/2022/09/08/fatal-west-loop-hit-and-run-was-intentional-police-say-as-they-charge-west-suburban-man-with-murder/,"Fatal West Loop Hit-And-Run Was Intentional, Police Say As West Suburban Man Charged With Murder",Block Club Chicago,WEST LOOP — A west suburban man faces murder charges after police said he intentionally drove into a 22-year-old pedestrian early Sunday in the West Loop,
006bc36d54096844ab35a088201e0ccae4aca6fedff36526088c1cf8274476aa14211f536b47a46fbe94f5f19caef82eafab7a88bae0cef1e07a566197af7ca5,2022-09-09T18:58:09-05:00,https://www.nbcchicago.com/investigations/left-for-dead-family-of-hit-and-run-victim-says-chicago-police-have-kept-them-in-the-dark/2936132/,Left for Dead: Family of Hit-and-Run Victim Says Chicago Police Have Kept Them in the Dark,NBC 5 Chicago,"Nearly two years after a deadly hit-and-run crash that remains unsolved, the parents of one victim say Chicago police have kept them in the dark, leaving them with no idea how much evidence investigators have collected – until NBC 5 Investigates showed them.",
13c67befbdf0cfc5304fac14c0ef93415a0bf4e220451a8b35982a8105e49479e0adc3c8e5ac67872c89e99631179f2de89f9218e13b451913ca630636446a7b,2022-09-11T11:25:00-0500,https://www.cbsnews.com/chicago/news/2-men-killed-in-fiery-wrong-way-crash-on-dusable-lake-shore-drive/,2 men killed in fiery wrong-way crash on DuSable Lake Shore Drive,CBS News,The crash happened around 2:30 a.m. by 18th drive near the museum campus.,
13c67befbdf0cfc5304fac14c0ef93415a0bf4e220451a8b35982a8105e49479e0adc3c8e5ac67872c89e99631179f2de89f9218e13b451913ca630636446a7b,2022-09-13T18:35:00-0500,https://www.cbsnews.com/chicago/news/sometimes-deadly-wrong-way-crashes-are-growing-more-frequent-in-chicago-statewide/,"Sometimes-deadly wrong-way crashes are growing more frequent in Chicago, statewide",CBS News,"In particular, DuSable Lake Shore Drive has seen its fair share.",
8932fe8d347da5d68403404cdc48f4d548cb0fd519a13a105883a450a7de6d709adefec0f2cd5a4b94b69e6569265a44de90d09322edacb5935a936dd5114753,2022-09-14T00:07:24+00:00,https://chi.streetsblog.org/2022/09/13/hit-and-run-suv-driver-fatally-struck-eric-ray-59-in-chatham,"Hit-and-run SUV driver fatally struck Eric Ray, 59, in Chatham",Chicago Streetsblog,Ray was the 23rd pedestrian killed on Chicago streets so far this year.,
8932fe8d347da5d68403404cdc48f4d548cb0fd519a13a105883a450a7de6d709adefec0f2cd5a4b94b69e6569265a44de90d09322edacb5935a936dd5114753,2022-09-15T06:53:00-0500,https://www.cbsnews.com/chicago/news/cpd-search-for-vehicle-wanted-in-deadly-hit-and-run-in-chatham/,CPD search for vehicle wanted in deadly hit-and-run in Chatham,CBS News,Police said the vehicle fled the scene westbound on 79th Street and then turned northbound onto Martin Luther King Drive.,
b98062f9bec2ece1ac05057d82542528440716bfbb9562243e01aefd0e1ef54b76570285b890bfd6ddb2343c360c2f3152f324b0b8a083417d7052e330955622,2022-09-16T20:04:44-05:00,https://www.nbcchicago.com/investigations/left-for-dead-3-months-after-hit-and-run-that-killed-11-year-old-his-family-calls-for-justice/2942460/,"Left for Dead: 3 Months After Hit-and-Run That Killed 11-Year-Old, His Family Calls for Justice",NBC 5 Chicago,"Friday marked exactly three months since 11-year-old Ja’lon James was killed in a hit-and-run crash that remains unsolved. His family is calling for justice, saying Chicago police have plenty of evidence and it shouldn’t take this long to see an arrest.",
3e231742a8ef29239a17d856d109c9cad1e2cf70c02cbe3217ab31c0e834570be8f1ed4b99352d4565770182007579c2e2cf033efe4cd6f0ced2729bc6bbf38b,2022-09-17T15:28:35.646Z,https://chicago.suntimes.com/2022/9/17/23357737/fatal-crash-5100-state-washington-park-sept-17,"Woman killed, another critically hurt in Washington Park crash",Chicago Sun-Times,"Sherrae Bolling-Brownlow, 44, was in a white SUV with another woman, 46, in the 5100 block of South State Street when an 18-year-old man in a pickup hit their car about 2 a.m. after blowing a red light, according to Chicago police and the Cook County medical examiner’s office. Bolling-Brownlow was taken to the University of Chicago Medical Center, where she was pronounced dead, police said.
",
26cd80eda1d80050a34822da21dddbda9069cd8ef4edf89ac2f991e27b37bbb322a5fc229572fe68f37b92e2068ad639e651f86a26c179d9ebd29e37a6da39d0,2022-09-19T17:47:00Z,https://abc7chicago.com/post/lakeview-crash-chicago-police-cpd-finance-committee/12240706/,$15M settlement for mom of 6 killed in Chicago police squad car crash clears city council committee,ABC 7 Chicago,"Chicago's Finance Committee approved a $15 million settlement with the estate of Guadalupe Francisco-Martinez, a mother of 6 who was killed in a crash with a CPD squad car during a police chase in 2020.",
5078b8b7c02ef018f8f51ca02d6f7c43bd1f36b99f56608c4ae979132c517e05fc6e7b3651a088fdce62daf53cd9d7bce7b0fcc5ce01be2b8afb3485a4e345a2,2022-09-24T10:28:00Z,https://abc7chicago.com/post/lake-shore-drive-car-crash-traffic-chicago-police/12259347/,South Holland woman ID'd after killed in DuSable Lake Shore Drive crash; 4 others injured,ABC 7 Chicago,"The woman has been identified as 32-year-old Whitley McMiller, of South Holland, according to the Cook County Medical Examiner's Office.
",
47ac92676e9d0f6f41b93abb4c1dc2d8d403a187539a729aaa6f5003f0febdde245379ad81e07b1470147d58dc17888ae05194094e596a8846b2ab4990d12dd2,2022-09-26T11:15:19.373Z,https://chicago.suntimes.com/news/2022/9/26/23372434/2-killed-in-crash-in-brighton-park,2 killed in crash in Brighton Park,Chicago Sun-Times,"Two teens were traveling south in the 4300 block of South Archer Avenue when the driver lost control of the car and crashed into a building, police said. Rene Salto, 18, was identified as the driver; Jacqueline Franco, 17, was the passenger.",
47ac92676e9d0f6f41b93abb4c1dc2d8d403a187539a729aaa6f5003f0febdde245379ad81e07b1470147d58dc17888ae05194094e596a8846b2ab4990d12dd2,2022-09-28,https://www.legacy.com/us/obituaries/name/jacqueline-franco-obituary?id=36631467,"Jacqueline Franco Obituary (2022) - Chicago, IL - Central Chapel Funeral & Cremation Southwest",legacy.com,"Jacqueline was a Senior attending Juares High School. She had plan to go on to college. She was an enthusiast, even working a part time job while in school. She loved dancing, music and would light up a room as she entered. She had lots of energy and a never ending sweet personality. Jacqueline was an animal lover, especially a love for her cats.
",
47ac92676e9d0f6f41b93abb4c1dc2d8d403a187539a729aaa6f5003f0febdde245379ad81e07b1470147d58dc17888ae05194094e596a8846b2ab4990d12dd2,2022-09-28,https://www.legacy.com/us/obituaries/name/rene-salto-obituary?id=36646751,"Rene Salto Obituary (2022) - Chicago, IL - Szykowny Funeral Home",legacy.com,"Rene Salto's passing on Monday, September 26, 2022 has been publicly announced by Szykowny Funeral Home in Chicago, IL.
",
147fbd61c8279fac31ee6b8a7dd65f11214240ed035d4f8ebbdc7d28280a3d3699f86a9d6dae77aa764c58fcd3771d8f972882da085562f023b3df9b722abe57,2022-09-29,https://www.wolniakfuneralhome.com/obituaries/dominga-gomez,"Dominga Flores Gomez Obituary Sep 28, 2022",wolniakfuneralhome.com,"Loving mother of Vismar Oropeza, Zulema Oropeza, Anna Rogel, Marylyn (fiancé, Daniel Edwards) Rogel and Adrian Rogel.
",
643c587bbae60800977d9319420ce6d1c3795aba894b6c2f36f90d5d4c7a25b0e653d9ee3c3e8d4564be4eb3e9daead7f86981cf22c67da43ec4a3f222c98ede,2022-09-30T13:13:00+00:00,https://blockclubchicago.org/2022/09/30/ghost-bike-installed-in-river-west-for-sam-bell-bicyclist-killed-on-milwaukee-avenue/,"Ghost Bike Installed In River West For Sam Bell, Bicyclist Killed On Milwaukee Avenue",Block Club Chicago,The family and friends of Sam Bell celebrated his life with a ghost bike and vigil Thursday at the River West intersection where a driver killed him in early September.,
6336ef1ede52bcdc258f89e646fc3735801ef3ed6163767d63a0a183e130c1b2373a25faf85791d82a1326f0db2de6b4647df30295746851c2714daea7d559dd,2022-10-03T23:53:30+00:00,https://blockclubchicago.org/2022/10/03/toddler-killed-in-albany-park-hit-and-run-crash-police-say/,"Police Search For Truck After Toddler Killed In Albany Park Hit-And-Run, As Family Launches GoFundMe For Funeral",Block Club Chicago,"A 17-month-old boy, identified as Hermes Rios-Cardona, was killed Monday afternoon after police say a driver hit him in the street and took off.",
6336ef1ede52bcdc258f89e646fc3735801ef3ed6163767d63a0a183e130c1b2373a25faf85791d82a1326f0db2de6b4647df30295746851c2714daea7d559dd,2022-10-05T08:23:00-0500,https://www.cbsnews.com/chicago/news/albany-park-toddler-hit-and-run-death/,Family demands justice after hit-and-run leaves toddler dead in Albany Park,CBS News,Police said the driver of a pickup truck did not stop after hitting the toddler.,
6336ef1ede52bcdc258f89e646fc3735801ef3ed6163767d63a0a183e130c1b2373a25faf85791d82a1326f0db2de6b4647df30295746851c2714daea7d559dd,2022-10-05T14:00:00+00:00,https://blockclubchicago.org/2022/10/05/hermes-cardona-rios-toddler-killed-in-albany-park-hit-and-run-loved-dancing-snacks-his-little-sister-and-the-family-dog/,"Hermes Cardona-Rios, Toddler Killed In Albany Park Hit-And-Run, Loved Dancing, Snacks, His Baby Sister And The Family Dog",Block Club Chicago,"When Gerardo Cardona and Jocelyn Rios were thinking of baby names for their son, they chose Hermes, the messenger of the gods in Greek mythology who was also responsible for the protection of travelers.",
a853f5879e1cf4bda7e674428352d1a01541da217cc570a652f33fb05adc0473dcd3495c2dab057334464eb2aefe6144d0e37987ea79631a4c9ad9cff3fb24f2,2022-11-17T19:38:45-06:00,https://www.nbcchicago.com/investigations/left-for-dead-nbc-5-suing-over-public-records-in-hit-and-run-crashes/3000110/,Left for Dead: NBC 5 Suing Over Public Records in Hit-and-Run Crashes,NBC 5 Chicago,Linda Mensch was killed in a hit-and-run crash while leaving the Garfield Park Conservatory in August 2021. Investigators quickly released a photo of the van that hit her as well as its license plate. But for reasons Chicago police refuse to explain - they would not even question the vehicle's registered owner.,1
09aa8d6e2906482df6717671a532324d3667b00920b363a65face81089921576c5175803211ef1fc902662b7cb7df5e7268ab8491eb4fb4444a888fac30c888a,2022-11-23T23:27:00Z,https://abc7chicago.com/post/chicago-crash-today-breaking-news-87th-and-cottage-grove/12486693/,"2 dead, 16 injured after stolen car causes wrong-way multi-vehicle crash at high-rate of speed: CPD",ABC 7 Chicago,"Seven vehicles were involved in the crash at 87th and Cottage Grove after a stolen vehicle caused a chain-reaction crash while driving the wrong way at a high rate of speed, police say.",
09aa8d6e2906482df6717671a532324d3667b00920b363a65face81089921576c5175803211ef1fc902662b7cb7df5e7268ab8491eb4fb4444a888fac30c888a,2022-11-23T23:41:10+00:00,https://www.chicagotribune.com/2022/11/23/2-killed-10-hospitalized-after-a-speeding-stolen-car-crashes-into-7-other-vehicles-on-the-south-side-authorities-say/,"2 killed, 10 hospitalized after a speeding, stolen car crashes into 7 other vehicles on the South Side, authorities say",Chicago Tribune,"Two people were killed and 10 were transported to hospitals after a stolen, speeding Dodge Charger struck seven other vehicles in a horrific Wednesday night crash on Chicago’s South Side, authorities said.
",
1e8f4256dea6ae26707204c44b34b6829a2137b3a39c9e39c6a763a4e518b6fa72e3fa16fa09bab367787b59aeefbaf701b9cb09e134c3b8019a75bc99d5858e,2022-11-29T11:00:00+00:00,https://blockclubchicago.org/2022/11/29/life-and-death-in-chicagos-most-dangerous-bike-lane/,Life And Death In Chicago’s Most Dangerous Bike Lane,Block Club Chicago,"Angel Amado was doored by the driver of a Lexus on May 11, 2021, in the 2900 block of North Milwaukee. ""Cars should be towed for parking in the bike lane,"" he said.",
362296540649f61188bd0ddc4bf04a3a51c5275dfb6ebba723f2414a58befad8e4c0f2fd747ac52a3a32d43ef4f2da49ec86234f1a768ba4fa93f85b90c8bc53,2022-11-29T11:00:00+00:00,https://blockclubchicago.org/2022/11/29/life-and-death-in-chicagos-most-dangerous-bike-lane/,Life And Death In Chicago’s Most Dangerous Bike Lane,Block Club Chicago,"Block Club / Illinois Answers Project investigation into the Milwaukee Avenue bike lane. Aiello was struck by a dump truck driver in the 3800 block in 2019; Parlingayan was killed at the same site in 2022. Both are memorialized with ghost bikes, and 3800 N. Milwaukee is by far the most-ticketed bike-lane-violation location on the street.
",2
412cbf5c950c26a4f95e8bc4e8089031c2b41f56606a41f943ba44ca66c4e854b504cd24e85774b1703627a83da76385934240acd9b8fbd6ef1b6817605f86e1,2022-11-29T11:00:00+00:00,https://blockclubchicago.org/2022/11/29/life-and-death-in-chicagos-most-dangerous-bike-lane/,Life And Death In Chicago’s Most Dangerous Bike Lane,Block Club Chicago,"Cameron Lasater danced professionally in a Chicago troupe before he was doored on his bike in July 2020, throwing him into traffic where the driver of another car crushed his leg. Now, with a metal plate in his ankle, he’ll likely never dance in a company again.
",
cbb4429bc033cc978a3237d325e9d70feda415cc3ebdfd654fa5ccc4e006fac9bb16cfdad7cb2b0f61b4866be62492400321e26ed4bcd9e85ba9abe92c5d0412,2022-11-29T11:00:00+00:00,https://blockclubchicago.org/2022/11/29/life-and-death-in-chicagos-most-dangerous-bike-lane/,Life And Death In Chicago’s Most Dangerous Bike Lane,Block Club Chicago,"Derek Falk was doored by a driver in Portage Park on June 12, 2020, coming from the Lucky Grill. Falk suffered a concussion, scrapes and a bloody ear in the crash. The driver had no insurance.
",
181a5d9c927170dbd6f8e941dc66be516f7bcb72ccb666d383509934fe45c72f5fc2cd15f94a08df16836db2cafebaef9e07ceea30ba97d9134249ed955e2ef5,2023-01-02T05:22:32+00:00,https://chi.streetsblog.org/2023/01/01/hit-and-run-driver-dragged-and-killed-man-63-injured-wheelchair-user-56-in-brainerd,"Hit-and-run driver dragged and killed man, 63, injured male wheelchair user, 56, in Brainerd",Chicago Streetsblog,The victim appears to be the 31st and final Chicago pedestrian fatality of 2022.,
732c5382b60d246150fc82df080de1436501b3ea4b1460a3e5961a310caed4afc24c188fe4f880a9f1195e12d0c1c342c4228ea920fbd51a0d290dde1553cdbd,2023-01-02T23:53:00Z,https://abc7chicago.com/post/englewood-chicago-news-police-car-crash/12642840/,"'He just started life': Young father hit, killed by driver who tried to flee in West Englewood",ABC 7 Chicago,"Witnesses said that 23-year-old driver then got out of his car and tried to flee, but people who were at that party Lee was at chased him down and helped Lee until police arrived. Police said the driver is in custody and charges are pending.
",
732c5382b60d246150fc82df080de1436501b3ea4b1460a3e5961a310caed4afc24c188fe4f880a9f1195e12d0c1c342c4228ea920fbd51a0d290dde1553cdbd,2023-01-03T23:59:41+00:00,https://chi.streetsblog.org/2023/01/03/roy-lee-21-struck-by-hit-and-run-driver-in-englewood-was-1st-chicago-ped-fatality-of-2023,"Roy Lee, 21, struck by hit-and-run driver in Englewood, was 1st Chicago ped fatality of 2023",Chicago Streetsblog,"Just two days into 2023, Chicago already saw its first pedestrian death of the year.",
aee57de225c5a4e069c0fb0ecb0517c0d22b5ec30c343ad9c982cc17f8b209c92bf5fd8b2dc22dd6b580264c86f50984603c3d912f9c8ae5f9c7ca7401fc5af1,2023-01-05T07:25:21+00:00,https://chi.streetsblog.org/2023/01/05/9-years-for-sophie-allens-killer-is-a-rare-example-of-serious-consequences-for-a-hit-and-run,9 years for Sophie Allen's killer is a rare example of consequences for a hit-and-run,Chicago Streetsblog,"Under Illinois law, driver Brett Dimick will probably be required to serve half of his sentence. More actual jail time would send a much stronger message that drivers who kill people and flee will be held accountable.",
181a5d9c927170dbd6f8e941dc66be516f7bcb72ccb666d383509934fe45c72f5fc2cd15f94a08df16836db2cafebaef9e07ceea30ba97d9134249ed955e2ef5,2023-01-06T04:46:36Z,https://abc7chicago.com/post/chicago-hit-and-run-wheelchair-car-picture-crime/12661499/,Chicago police release picture of car wanted in deadly South Side hit-and-run,ABC 7 Chicago,Chicago police have released a picture of a car wanted in a hit-and-run that injured a man in a wheelchair and killed the man pushing him.,
33a385f24487bb5a5884f86b0b0d5449daa9508c1895efcf086b0d3b527f8fa72decc730f5f9f4ce0d43c1876175ea206c7199a75b5d658efcf7a0d81b7fe35a,2023-01-10T02:47:04+00:00,https://chi.streetsblog.org/2023/01/09/jaime-cuadra-47-is-2nd-person-killed-this-month-at-a-deadly-dan-ryan-red-line-intersection,"Jaime Cuadra, 47, is 2nd person killed this month at a deadly Dan Ryan / Red Line intersection",Chicago Streetsblog,According to Police News Affairs. Cuadra was exiting a vehicle that was stopped in traffic at the time. The 32-year-old driver of a 2006 Chevrolet cargo van was heading east on 87th when she struck him.,
37075297676e646d9166ca1d50b0aa490eca65c41355c924e4e3aeba40d8023e47565219be8c7660677b0a8e6f2b7072338583a1649c26b8628472af0a166208,2023-01-12T06:12:50+00:00,https://chi.streetsblog.org/2023/01/12/man-33-killed-by-hit-and-run-driver-in-east-garfield-is-4th-pedestrian-fatality-of-2011,"Anthony Harvey, 33, killed by hit-and-run driver in East Garfield is 4th pedestrian fatality of 2023",Chicago Streetsblog,"Tragically, less than two weeks into the new year, drivers have already struck and killed four people on foot in Chicago.",
d3c723f453b3319348065ff841f12ce994b136b1e8bcbeef2a4b9657e7e1adb28e4f4015c9efe8970adefa494a84b168e5c4469ac2ae47b48a2b1946d786a082,2023-01-12T23:28:56+00:00,https://chi.streetsblog.org/2023/01/12/a-reckless-driver-killed-divvy-rider-gerardo-marciales-another-one-destroyed-his-ghost-bike,A reckless driver killed Divvy rider Gerardo Marciales. Another one destroyed his ghost bike.,Chicago Streetsblog,"Less than a year after his death, another reckless motorist on the drive crashed into the light pole Marciales' ghost bike memorial was chained to, demolishing the shrine.",
c1711eaa9078e952b0c1db05732c4dbc4d2b7cf2b03f3965ddc1642ac57ede45227efacf655187109f27a0c0c1fa3471913d26e00781d9b1bc0c3b753a58e189,2023-01-18T00:15:00+00:00,https://blockclubchicago.org/2023/01/17/parents-of-3-year-old-killed-when-comed-truck-blocked-her-mothers-bike-lane-path-file-lawsuit/,Parents Of 3-Year-Old Hit By Truck In Uptown Sue City — And Say It Must Crack Down On Bike Lane Blockers,Block Club Chicago,"The parents of a 3-year-old killed while riding on a bicycle with her mother in Uptown last year are suing the city, Commonwealth Edison, Penske and Mondelēz in their daughter’s death.",
beadad9673dbf007401406859f57284e10598144a121e085c3da3cd6e3612eb6b28604027c437e260d438d34fcab1a58070141946a6407e48eac2b7b3f7a8aae,2023-01-21T15:43:28.213Z,https://chicago.suntimes.com/2023/1/21/23565055/fatal-crash-bucktown-chicago-ashland,"Driver killed, passenger injured after car swerves, hits pillar, car in Bucktown",Chicago Sun-Times,"Joshua Herrera, 26, swerved to avoid a car, then hit a pillar and another car in traffic in the 1900 block of North Ashland Avenue.",
cf62e5122391ab180d702b36051dc20020d1d9d4a3317cbe613498c146291004197e21f6c806b9b04f85e47c874817589066b7a492b4513ef51de611a0f5a056,2023-01-27,https://www.fox32chicago.com/news/family-mourns-the-loss-of-vibrant-and-bright-93-year-old-woman-killed-in-hit-and-run-while-crossing-street,Family mourns the loss of ‘vibrant and bright’ 93-year-old woman killed in hit-and-run while crossing street,FOX 32 Chicago,"At 93 years old, Ruth Mabin was “a vibrant and bright woman, still very sharp,” her daughter recalls.",
cf62e5122391ab180d702b36051dc20020d1d9d4a3317cbe613498c146291004197e21f6c806b9b04f85e47c874817589066b7a492b4513ef51de611a0f5a056,2023-01-27T17:39:00Z,https://abc7chicago.com/post/chicago-hit-and-run-woman-injured-south-laramie-austin/12741796/,"Reward offered after woman, 93, killed Austin hit-and-run; CPD releases photo of wanted car",ABC 7 Chicago,A reward has been offered for information as Chicago police search for the driver of a luxury SUV who hit and killed a 93-year-old woman walking to the mailbox,
b324587757a91c95cd67eb46c72d9394c77327acd0cf9769de4b20f0b3f981a9be361b60361c9ea246ff18c91e9dee91e2d049b981c3e2d229cb1b98e08336bf,2023-02-01T23:48:14+00:00,https://chi.streetsblog.org/2023/02/01/2-hit-and-run-drivers-fatally-struck-jennifer-kelleher-25-while-she-was-making-deliveries-in-austin,"2 hit-and-run drivers fatally struck delivery driver Jennifer Kelleher, 25, in Austin",Chicago Streetsblog,Kelleher was hit only about six blocks away from where a 93-year-old woman was fatally struck by a hit-and-run driver the previous day.,
d13af63d1050df54e76b6fc359ab99e3aae816067372bc3b36403b197da8497d2126697e18ecdf41aca9eda5dd74c6ae7fb33250dbc9399f59c09e755320ea8c,2023-02-08T13:22:00+00:00,https://blockclubchicago.org/2023/02/08/family-of-cyclist-killed-at-dangerous-nw-side-intersection-sues-city-driver-for-negligence/,"Family Of Cyclist Killed At Dangerous NW Side Intersection Sues City, Driver For Negligence",Block Club Chicago,The family of a 22-year-old cyclist killed at a dangerous Northwest Side intersection last year is suing the driver who hit him.,
ebee83ab134004ce70ea125b3e14672e7bc1b6464be5bc4e20e60b214593b9642adfe4312a053845b1fe64fdaab5d891f45babfbba9865bb3b2b8f329175f857,2023-02-08T13:33:00+00:00,https://blockclubchicago.org/2023/02/08/driver-of-black-suv-kills-pedestrian-in-englewood-hit-and-run-police-say/,"Driver Of Black SUV Kills Pedestrian In Englewood Hit-And-Run, Police Say",Block Club Chicago,"Police are looking for the driver of a Lincoln SUV who killed a pedestrian in a hit-and-run this week. At 6:05 p.m. Monday, the pedestrian was",
282a5bd3c9d31d997a00d2822d68367b4d695422632bfba07b2a755206ce4e9c6cb09b8cb3a3ba34ff69d03144a8bd148ba14f74ce08028fd73adc37628d8238,2023-02-09T19:33:00+00:00,https://blockclubchicago.org/2023/02/09/driver-charged-with-killing-woman-during-drag-race-but-more-needs-to-be-done-to-protect-pedestrians-on-cicero-avenue-neighbors-say/,"Driver Charged With Killing Woman During Drag Race — But More Should Be Done To Protect Pedestrians, Neighbors Say",Block Club Chicago,"Aaron Guerrero, 27, was arrested Monday and charged with reckless homicide with a vehicle and aggravated street racing, police said. Officials said he was speeding when he hit a 40-year-old woman Aug. 28 in the 6400 block of South Cicero Avenue, killing her.",
a0ac70bb554f3d764bc00b2271f9c22df68e6baa5d35b57240397cc0b9f4e2c82fd2f9db23f77e95cd25120512a66a45f5d9b33370f36caed1b59e2c2934de38,2023-02-15T18:34:05+00:00,https://chi.streetsblog.org/2023/02/15/drivers-fatally-struck-stevenson-mays-59-in-west-englewood-eric-s-wills-49-in-gresham,"Drivers fatally struck Stevenson Mays, 59, in West Englewood; Eric S. Wills, 49, in Gresham",Chicago Streetsblog,"Officers responding to a “person down” call found Eric S. Wills, 49, lying in the 8800 block of South May Street, police said. “After the [driver of the] striking vehicle came to a stop, the victim had sustained blunt force trauma to the body,” the police department said in a statement.",
ebee83ab134004ce70ea125b3e14672e7bc1b6464be5bc4e20e60b214593b9642adfe4312a053845b1fe64fdaab5d891f45babfbba9865bb3b2b8f329175f857,2023-02-15T18:34:05+00:00,https://chi.streetsblog.org/2023/02/15/drivers-fatally-struck-stevenson-mays-59-in-west-englewood-eric-s-wills-49-in-gresham,"Drivers fatally struck Stevenson Mays, 59, in West Englewood; Eric S. Wills, 49, in Gresham",Chicago Streetsblog,"According to police, Stevenson Mays, 59, was crossing the street in the 5600 block of South Racine Avenue. The driver of a dark-colored 2007-10 Lincoln MKX SUV struck him and fled north on Racine.",
2e5de187dc65de8a19c3320ddb7b2e2269d2856c3bbd77b50d3d495e83003af78ad460ffe31401106fe838370699b1f53d323070a15b150026c96006794387e9,2023-02-19T22:29:00-0600,https://www.cbsnews.com/chicago/news/fiery-crash-during-drag-race-far-south-side/,3 killed in fiery crash during street race on Far South Side,CBS News,"""I looked out the window and saw it was a car that was ablaze. There was no way to rescue anybody.""",
2e5de187dc65de8a19c3320ddb7b2e2269d2856c3bbd77b50d3d495e83003af78ad460ffe31401106fe838370699b1f53d323070a15b150026c96006794387e9,2023-02-20T01:24:45+00:00,https://cwbchicago.com/2023/02/driver-18-in-custody-after-3-passengers-are-killed-in-fiery-crash-following-chicago-car-sideshow.html,"Driver, 18, in custody after 3 passengers are killed in fiery crash following Chicago car 'sideshow'",CWBChicago,"An 18-year-old man is in custody after a car he was allegedly driving slammed into a pole and burst into flames, killing three of his passengers, according to a Chicago Police Department source.",
028f5dc74a2a6a65d6dba8925cd8d66fe7048caeb8ff557ed64e9cf6fa5a34331031161ef7703857e14d7364527dc4b66827e6b3a37a44501dfdef2c76bfe6ea,2023-02-21T00:10:00+00:00,https://blockclubchicago.org/2023/02/20/delivery-truck-hits-kills-woman-crossing-street-in-south-loop-police-say/,"Delivery Truck Driver Hits, Kills Woman Crossing Street In South Loop, Police Say",Block Club Chicago,"SOUTH LOOP — A 72-year-old woman died Monday after a delivery truck driver hit and pinned her under the truck in a South Loop intersection, officials",
028f5dc74a2a6a65d6dba8925cd8d66fe7048caeb8ff557ed64e9cf6fa5a34331031161ef7703857e14d7364527dc4b66827e6b3a37a44501dfdef2c76bfe6ea,2023-02-22T10:29:00+00:00,https://chi.streetsblog.org/2023/02/22/fed-ex-driver-said-he-didnt-see-marsha-frankel-72-before-ran-over-and-killed-her,"FedEx driver said he ""didn't see"" Marsha Frankel, 72, before ran over and killed her",Chicago Streetsblog,"Police said the westbound driver of a Fed Ex step van, a 31-year-old male, was making a northbound right turn when he ran over Frankel.",
7ddaf56bf4adcf6b499c5f97c8402b342e3e2b7e78ac66fedf96cc02063cebded0abc50091628f1586cd023b8c16d7772d0ae1511bcfd26e70e6fcc391f15939,2023-03-27T16:46:00Z,https://abc7chicago.com/post/hit-and-run-chicago-news-james-thompson-pedestrian-killed/13027528/,"'He was always dancing': Victim's family, friends want justice after fatal West Loop hit-and-run",ABC 7 Chicago,"Friends and family of James Richard Thompson are determined to track down the driver who killed him.
",
7ddaf56bf4adcf6b499c5f97c8402b342e3e2b7e78ac66fedf96cc02063cebded0abc50091628f1586cd023b8c16d7772d0ae1511bcfd26e70e6fcc391f15939,2023-03-28,https://www.friedrichjones.com/obituaries/James-Richard-Thompson?obId=27581231,Obituary information for James Richard Thompson,friedrichjones.com,"James was a 2015 graduate of Plainfield North High School. He graduated from University of Missouri, Robert J. Trulaske College of Business in 2019. He worked for Ecolab and DocuSign as an account executive. James loved travelling, golfing, playing soccer, snowboarding, biking, fishing and everything outdoors. James will be deeply missed by his family and friends.
",
8153b44ed75998b0917fc9bedb4740c7a42e6b1dbb09e40d55cb86192af565ae2597e56e5ed22cc2bb927da7de551ba5e66266e4e9a2d3bde28458478272caa5,2023-03-28T19:37:02+00:00,https://chi.streetsblog.org/2023/03/28/guo-ning-li-78-killed-in-chinatown-crosswalk-by-van-driver-who-failed-to-yield,"Guo Ning Li, 78, killed in Chinatown crosswalk by van driver who failed to yield",Chicago Streetsblog,The incident was the second time in a month that a turning van driver fatally struck a senior in a Chicago crosswalk.,
7ddaf56bf4adcf6b499c5f97c8402b342e3e2b7e78ac66fedf96cc02063cebded0abc50091628f1586cd023b8c16d7772d0ae1511bcfd26e70e6fcc391f15939,2023-03-31T01:23:44+00:00,https://chi.streetsblog.org/2023/03/30/driver-who-ran-stop-sign-fatally-struck-james-r-thompson-26-in-west-loop-fled,"Driver who ran stop sign fatally struck James R. Thompson, 26, in West Loop, fled",Chicago Streetsblog,"Witnesses told responding officers that the eastbound driver of a black Mercedes disregarded their stop sign and struck the pedestrian with his passenger-side rear-view mirror, then fled east on Washington.
",
5c45ab4e25f3c116141af395575912a54df2b9ff9a731fc67026413b186ba8f008b180e6a885836504d5d00ce6fa7c04e252b474f6dfd179618eda289afef717,2023-04-11T05:35:00-0500,https://www.cbsnews.com/chicago/news/family-man-killed-west-side-hit-run/,Family of man killed in West Side hit-and-run calls on driver to surrender,CBS News,"55-year-old Tracy Burton was killed two blocks from his home. The victim's grieving wife and daughter spoke out to CBS 2's Jermont Terry.
",
b98062f9bec2ece1ac05057d82542528440716bfbb9562243e01aefd0e1ef54b76570285b890bfd6ddb2343c360c2f3152f324b0b8a083417d7052e330955622,2023-04-14T20:41:27-05:00,https://www.nbcchicago.com/investigations/left-for-dead-nbc-5-sues-for-records-on-hit-and-run-that-killed-11-year-old/3119684/,Left for Dead: NBC 5 Sues for Records on Hit-and-Run That Killed 11-Year-Old,NBC 5 Chicago,"Ten months after the hit-and-run crash that killed 11-year-old Ja’lon James, his family says Chicago police have not given them any updates on the investigation into his death – and NBC 5 Investigates is now suing to obtain public records on the case.",
4b24a9896860c47c767f0de7896937c40501bf91e543fd3732de8f5e54a7ef4561a21dcb04c4f03d394db4e548ab741baa258cc66c1351ef9ff504340d6e60dc,2023-04-22T10:46:00Z,https://abc7chicago.com/post/hit-and-run-fatal-crash-worker-killed-chicago/13168927/,Road worker killed in Lakeview hit-and-run crash on DuSable Lake Shore Drive ID'd: officials,ABC 7 Chicago,"Man was standing in a closed lane next to a construction street sweeper when the driver of a black sedan struck him and kept going, police said.",
643c587bbae60800977d9319420ce6d1c3795aba894b6c2f36f90d5d4c7a25b0e653d9ee3c3e8d4564be4eb3e9daead7f86981cf22c67da43ec4a3f222c98ede,2023-05-05,https://news.wttw.com/2023/05/05/city-unveils-honorary-street-sign-sam-bell-cyclist-struck-and-killed-driver,"City Unveils Honorary Street Sign for Sam Bell, Cyclist Struck and Killed by Driver",WTTW,"Sam Bell, 44, was struck and killed by a driver while biking along Milwaukee Avenue in River West last September. He was remembered as a dedicated mentor and organizer for the Midtown Educational Foundation, which works with low-income, underserved students in Chicago.",
3393aa52624d5b0da7b2690f02e6956fc026f50f7038c400c4f47ced2058dcf7e7ca1f4c3419080516f3483c15e3cdd1937c24750feedb12773af813334c535c,2023-05-15T14:02:22+00:00,https://cwbchicago.com/2023/05/woman-six-years-crash-killed-bicyclist-west-loop-chicago.html,Driver who killed bicyclist in West Loop crash gets six years,CWBChicago,"A Joliet woman who killed a bicyclist when she swerved into his path in the West Loop last spring has been sentenced to six years, according to state records.",
2009ef2207056e88905ea7de28d26cd0bcd2c96b30afbc105ea56156398454b5fe99a356e702f13bc19ad873b6369c9353d6432dc6f0cec4939ac4ce373aa0e3,2023-05-30,https://wgntv.com/news/chicagocrime/north-lawndale-family-seeks-justice-for-woman-killed-in-hit-and-run/,North Lawndale family seeks justice for woman killed in hit-and-run,WGN-TV,"A North Lawndale family is asking for the public’s help to track down the driver responsible for a deadly hit-and-run on the city’s West Side.
",
2009ef2207056e88905ea7de28d26cd0bcd2c96b30afbc105ea56156398454b5fe99a356e702f13bc19ad873b6369c9353d6432dc6f0cec4939ac4ce373aa0e3,2023-05-31T15:30:00Z,https://abc7chicago.com/post/chicago-hit-and-run-crash-lawndale-independence-boulevard-cpd/13323893/,"Woman killed in Lawndale hit-and-run crash while crossing street ID'd: Chicago police, Cook County",ABC 7 Chicago,"49-year-old Angela R. Mcknight died after an SUV hit her while she crossed the street Sunday night in Chicago's Lawndale neighborhood, and kept going, Chicago police said.",
c1711eaa9078e952b0c1db05732c4dbc4d2b7cf2b03f3965ddc1642ac57ede45227efacf655187109f27a0c0c1fa3471913d26e00781d9b1bc0c3b753a58e189,2023-06-09T12:15:57.367Z,https://www.bikelaneuprising.com/post/lily-shambrook-1-year-anniversary,Lily Shambrook Press Conference,Bike Lane Uprising,"Video from a press conference for Lily Shambrook held on January 17th, 2023, held at Clifford Law Offices.",
6feb959c02aa99bb7845e870b4fb0ab8e591c4d7c2cb6c082df14d4551e3afb9b6bc9825a75e358b291e54590972caa985fa5ab1b779b3318e5bf6a1a495ee89,2023-06-12T20:13:14+00:00,https://blockclubchicago.org/2023/06/12/pedicab-driver-struck-by-party-bus-driver-after-dead-co-concert-at-wrigley-field-i-dont-know-if-ill-ever-work-in-wrigley-again/,Horrifying Video Shows Party Bus Run Into Pedicab Driver Outside Wrigley Field: 'I Could Have Been Killed',Block Club Chicago,"Sarah Yopp was driving her pedicab when a man driving a party bus accelerated into her, knocking her off her bike and causing a concussion. Bryan Rollins, a 40-year-old California man, was driving the party bus when he hit two parked cars and a pedicab driver before leaving the scene, police said.
",
e4720e70777d379b00c24f2bfa9d6410591048eff69b1e2093c414501bec953bf8ad6771170009a6e6a9615d2018fcc569411ffda05f8349d2e23017ef7b8c21,2023-06-12T21:00:28+00:00,https://chi.streetsblog.org/2023/06/12/bike-rider-ron-mendoza-43-died-from-injuries-suffered-in-collision-with-driver-in-logan-square,"Bike rider Ron Mendoza, 43, died from injuries suffered in collision with driver in Logan Square",Chicago Streetsblog,"The Cook County medical examiner’s office recently confirmed to Streetsblog that Mendoza, died two mornings later on Wednesday, June 7, at 10:39 a.m. He lived about three miles southeast of the crash site on the 2600 of West Hirsch St. in Humboldt Park",
73a74dc8a9197798ccd4d9782886d81ece20208502401ab8670d291dc9c7213382edf80cfb06cfb0b7d22b12795a11c7be5e12ed4b20176f06fb6e179affbd25,2023-06-13T09:52:00-05:00,https://cwbchicago.com/2023/06/chicago-man-sentenced-crash-on-probation-reckless-homicide.html,8 years for driver who struck 3 people while on probation for killing woman with the same car,CWBChicago,"A Lakeview man who struck three pedestrians with his car while on probation for killing a 93-year-old woman with the same vehicle has now been sentenced to prison for both crimes. Rayon Allen, 33, received five years for aggravated DUI and eight years for reckless homicide, the case for which he originally received probation. Judge James Obbish handled both cases and ordered the sentences to be served concurrently.
",
a736767eac48b46f7ff9eea9f13c0f244a6a10b2d28bc125b11578ee8bbe0b0f94d25a7cad15c69362f87933f6797182d99ad54bc4c5b1698efbffd3a1735d5f,2023-06-21T09:50:00Z,https://abc7chicago.com/post/chicago-white-sox-hit-and-run-guaranteed-rate-field-game-crime/13409546/,1 charged after 4 injured in hit-and-run outside Guaranteed Rate Field before White Sox game,ABC 7 Chicago,A man is charged after four pedestrians were injured in a terrifying hit-and-run outside Guaranteed Rate Field before a White Sox game Tuesday night.,
e293da16bbe6013ecf8bff36546a7b7da7806a5bdf8b6d104395ed8cd934bb5fca44c0dd49d69bcf807e3b76795c886eaa90b2232f7cecb23d886e6cb4ed35ab,2023-06-21T11:45:12+00:00,https://cwbchicago.com/2023/06/man-sentenced-for-lakeview-dui-crash-chicago.html,Man gets 4½ years for fatal DUI crash in Lakeview,CWBChicago,"Manuel Perez, 25, pleaded guilty to a single count of aggravated DUI causing death, according to court records. Prosecutors dropped 19 additional felony counts of DUI in the deal.
",
a736767eac48b46f7ff9eea9f13c0f244a6a10b2d28bc125b11578ee8bbe0b0f94d25a7cad15c69362f87933f6797182d99ad54bc4c5b1698efbffd3a1735d5f,2023-06-22T20:30:00+00:00,https://blockclubchicago.org/2023/06/22/white-sox-hit-and-run-driver-ignored-warnings-of-people-in-the-street-sped-up-before-slamming-into-victims-prosecutors-say/,"Sox Park Hit-And-Run Driver Ignored Warnings Of People In The Street, Sped Up Before Slamming Into Victims, Prosecutors Say",Block Club Chicago,"Condelarious Garcia, 20, was charged with four felony counts of aggravated reckless driving and a misdemeanor count of driving on a suspended license in the hit-and-run crash that injured four people Tuesday evening. One of the victims, a 64-year-old man, was “propelled into the air, face first, into the sun roof” after being hit, prosecutors said.
",
3c33ea1166d5cc4a44466df97b816ab8bda3d7559dfba90d0eec270613dbad17efdf03cbaaa228fe4d77ab53a613d78a965b95030f5fc5f9f8fde500080695ae,2023-06-23T23:45:23.998Z,https://chicago.suntimes.com/2023/6/23/23772031/lawsuit-doctor-said-injuries-from-collision-with-cpd-cruiser-led-to-death-of-mentally-ill-woman,Lawsuit: Doctor said injuries from collision with CPD cruiser led to death of mentally ill woman,Chicago Sun-Times,Martina Standley died a month after she was released from a rehabilitation hospital following crash that caused traumatic brain injury.,
e4720e70777d379b00c24f2bfa9d6410591048eff69b1e2093c414501bec953bf8ad6771170009a6e6a9615d2018fcc569411ffda05f8349d2e23017ef7b8c21,2023-07-05T14:45:00+00:00,https://blockclubchicago.org/2023/07/05/dozens-honor-humboldt-park-cyclist-ron-mendoza-at-ghost-bike-vigil-he-had-a-heart-of-gold/,Dozens Honor Humboldt Park Cyclist Ron Mendoza At Ghost Bike Vigil: 'He Had A Heart Of Gold',Block Club Chicago,"Whether teaching fitness classes at local gyms or hanging out with loved ones, Ron Mendoza was the life of the party. He had a knack for making the people around him laugh, his family and friends said.",
26833dbaa9feca7116a6fca43a13991fd7c1c5247aa4ecec62c7e2e1395dcbb7d56aef14ad58070ec99a667fd4b819da51a87c0090f56df469ffe7cd903c1df2,2023-07-26T10:15:00Z,https://abc7chicago.com/post/chicago-crime-crimes-uptown-hit-and-run-woman-killed/13550053/,"Chicago police: Woman killed crossing street in Uptown hit-and-run crash, family speaks out",ABC 7 Chicago,Relatives told ABC7 that Soyfa Athamanah was a vibrant woman and the glue that held her family together.,
26833dbaa9feca7116a6fca43a13991fd7c1c5247aa4ecec62c7e2e1395dcbb7d56aef14ad58070ec99a667fd4b819da51a87c0090f56df469ffe7cd903c1df2,2023-07-28T14:13:00+00:00,https://blockclubchicago.org/2023/07/28/after-fatal-uptown-hit-and-run-neighbors-demand-safer-crosswalks/,"After Fatal Uptown Hit-And-Run, Neighbors Demand Safer Crosswalks",Block Club Chicago,"Neighbors and advocates met Thursday evening to demand better street safety at Winona Street and North Broadway, days after an Uptown woman was killed in a hit-and-run while walking in a crosswalk. Police are still searching for the driver of the vehicle that struck 69-year-old Soyfa Athamanah late Tuesday in the 5100 block of North Broadway.",
26833dbaa9feca7116a6fca43a13991fd7c1c5247aa4ecec62c7e2e1395dcbb7d56aef14ad58070ec99a667fd4b819da51a87c0090f56df469ffe7cd903c1df2,2023-07-29,https://www.sax-tiedemann.com/obituaries/soyfa-athamanah,"Soyfa Athamanah Obituary Jul 25, 2023",sax-tiedemann.com,"Soyfa Athamanah was born on February 26, 1954, in Luang Prabang, Laos. Soyfa, 69, passed away on July 25, 2023, in Chicago, Illinois. A beloved daughter of Syphan and Boung-On Khounphachanh. She is survived by her three children, Tony, Pany, Matta, and her 4 grandchildren and 6 great grandchildren.",
6da6af2917a6375fb09af5ecf2bda5ec3f548bc07fa1e887f47a8a887ca1293e12cd3e30f0bb1f55577c840d65458bb5b88785aeaae1e0ee0a69c7af7f613a91,2023-08-06T20:08:08+00:00,https://cwbchicago.com/2023/08/wicker-park-hit-and-run-driver-critically-injured-girl-chicago-police.html,"Hit-and-run driver left teen girl critically injured in Wicker Park, but car's owner refuses to talk with police: CPD report",CWBChicago,"A hit-and-run driver left a 17-year-old girl critically injured in Wicker Park on Friday, Chicago police said.",
6da6af2917a6375fb09af5ecf2bda5ec3f548bc07fa1e887f47a8a887ca1293e12cd3e30f0bb1f55577c840d65458bb5b88785aeaae1e0ee0a69c7af7f613a91,2023-08-09T00:40:00+00:00,https://blockclubchicago.org/2023/08/08/wicker-park-hit-and-run-leaves-17-year-old-in-coma-as-family-demands-action-from-police/,Wicker Park Hit-And-Run Leaves 17-Year-Old In Coma As Family Demands Action From Police,Block Club Chicago,"Nakari Campbell was meeting her friends Friday when a driver hit her and dragged her down Division Street, police and family say. Her relatives want to know why the driver hasn’t been arrested.",
6da6af2917a6375fb09af5ecf2bda5ec3f548bc07fa1e887f47a8a887ca1293e12cd3e30f0bb1f55577c840d65458bb5b88785aeaae1e0ee0a69c7af7f613a91,2023-08-17T19:34:22+00:00,https://chi.streetsblog.org/2023/08/17/what-does-the-nakari-campbell-case-tell-us-about-street-design-and-traffic-enforcement,What does the Nakari Campbell case tell us about street design and traffic enforcement?,Chicago Streetsblog,Chicago needs street layouts that force motorists to drive safely. And the CPD needs to bring the driver who grievously harmed Nakari to justice.,
ffe1ae2af5a52a29ff02bee98c9d0d4f8b267ba1ac5af649df683e7b7fa9abe7ad3cecda1ff9b43a9be099e9f51a5746fd8c0260c7a4b8ab8dea488cb494e2a9,2023-08-21T22:11:14+00:00,https://chi.streetsblog.org/2023/08/21/cpd-knows-owner-of-car-whose-driver-killed-ulysses-coleman-38-sunday-in-austin-but-hasnt-filed-charges,"CPD knows owner of car whose driver killed Ulysses Coleman, 38, Sunday in Austin, but hasn't filed charges",Chicago Streetsblog,"Despite the police reportedly knowing which car was involved in the crash, and who owns it, no charges have been filed. “There is no one in custody and Area Five Detectives are investigating,” a police spokesperson told Streetsblog today.",
8855feb0721cd4ab852c89803d1d1550104b75a22725f52ace17c2e1e5c15cb90c812a194ead33ccdd76fd20df1e268ba3f4c5554bd1f9443678b0c0b03d0b9b,2023-08-24T00:51:31+00:00,https://cwbchicago.com/2023/08/fanged-chicago-man-10-years-fatal-trafic-crash-cire-robinson.html,'Fanged' man gets 10 years for killing 12-year-old in traffic crash while on bail for 3 felony cases,CWBChicago,Daniel Regalado has been sentenced to 10 years for killing a 12-year-old Cire Robinson while speeding near Chicago's Midway Airport in 2021.,
822f4422ef899f64e89b9657eeae5b64d3d39913b0a6f67ad7ec962da3762035cce016b5b1652fbf44dc14d92eba88b4597136eee015fc305d2d1275f4135890,2023-08-25T00:11:51+00:00,https://chi.streetsblog.org/2023/08/24/turning-suv-driver-failed-to-yield-to-woman-48-in-pilsen-crosswalk-killing-her-in-front-of-25th-ward-office,"Turning SUV driver failed to yield to woman, 48, in Pilsen crosswalk, killing her in front of 25th Ward office",Chicago Streetsblog,"The victim, 48-year-old Irene Celestino Devillada, lived about two blocks from the crash site. After the driver was medically cleared, he was taken to the 12th District police headquarters for processing, the report stated. He was cited for failure to yield to a pedestrian in a crosswalk, driving on a suspended license, and operating an uninsured vehicle.
",
6da6af2917a6375fb09af5ecf2bda5ec3f548bc07fa1e887f47a8a887ca1293e12cd3e30f0bb1f55577c840d65458bb5b88785aeaae1e0ee0a69c7af7f613a91,2023-08-28T13:05:50+00:00,https://blockclubchicago.org/2023/08/28/lawsuits-allege-car-in-wicker-park-hit-and-run-crashed-into-another-person-on-same-night/,Lawsuits Allege Car In Wicker Park Hit-And-Run Crashed Into Another Person On Same Night,Block Club Chicago,"A 17-year-old girl and 26-year-old woman were hit by a car Aug. 4, within blocks and minutes of each other. Lawsuits filed this month allege the same car was involved in both incidents.",
d61877385455d50889615db8ec58779f9c366f74ee66b88d059d1b87015c7aa775ca6422db946bca05837d722b509447eb29b9459a14d1f05923e081a8377cc8,2023-08-28T13:05:50+00:00,https://blockclubchicago.org/2023/08/28/lawsuits-allege-car-in-wicker-park-hit-and-run-crashed-into-another-person-on-same-night/,Lawsuits Allege Car In Wicker Park Hit-And-Run Crashed Into Another Person On Same Night,Block Club Chicago,"The same night Nakari Campbell was hit at Ashland and Division, 26-year-old Chloe Engel was struck in a hit-and-run just a few blocks away in West Town — an incident a lawsuit filed by the victim alleges was caused by someone driving the same car. Engel was taken to Stroger Hospital with multiple broken bones and lacerations, according to the crash report. She has since left the hospital and returned to her out of state home.",
822f4422ef899f64e89b9657eeae5b64d3d39913b0a6f67ad7ec962da3762035cce016b5b1652fbf44dc14d92eba88b4597136eee015fc305d2d1275f4135890,2023-08-28T13:26:57+00:00,https://blockclubchicago.org/2023/08/28/pilsen-driver-on-suspended-license-killed-mom-of-3-police-say/,"Pilsen Driver On Suspended License Killed Mom Of 3, Police Say",Block Club Chicago,"Leonel Macedo Torres, 38, of Pilsen, was arested in charged with two misdemeanors, police said. Ald. Byron Sigcho-Lopez and neighbors are calling for pedestrian improvements at the site of the fatal crash, which happened outside the alderman’s 25th Ward office.",
6da6af2917a6375fb09af5ecf2bda5ec3f548bc07fa1e887f47a8a887ca1293e12cd3e30f0bb1f55577c840d65458bb5b88785aeaae1e0ee0a69c7af7f613a91,2023-09-01T15:15:33-05:00,https://www.nbcchicago.com/investigations/left-for-dead-family-of-teen-injured-in-hit-and-run-sues-car-owner-criticizing-chicago-police-inaction/3219826/,"Left for Dead: Family of teen injured in hit-and-run sues car owner, criticizing Chicago police ‘inaction'",NBC 5 Chicago,"The family of a 17-year-old girl severely injured in a hit-and-run crash has filed a lawsuit against the owner of the vehicle that hit her, taking their search for justice to court as they say Chicago police have not done enough to solve her case. Meanwhile, a second lawsuit filed this month alleges that same vehicle was involved in a second hit-and-run that injured another woman minutes later, just a few blocks away.",
84385e0f2184f8d165eaa1b54c877db79856bdf547a0dccf7be33558a331dcc7cc563902b63c648ba595e0d833562c305944e18b1c591d0db96ae2e4a9c37ce0,2023-09-18T20:34:15+00:00,https://chi.streetsblog.org/2023/09/18/cpd-driver-caused-death-of-aurea-gutierrez-31-in-the-west-loop-early-sunday-morning-fled-the-scene,"CPD: Driver caused death of Aurea Gutierrez, 31, in the West Loop early Sunday morning, fled the scene",Chicago Streetsblog,"While CPD's Community Alert described this as a pedestrian fatality, the crash report says Aurea Gutierrez was on the roof of the SUV before the driver hit a chain link fence.",
234e03df16bc373b41b77e98320c7e282e29057f4fd6860ce049eb07a903df98d30a91f5799cffad44ab3f97809c4576860fd443139ca73f4f5389392218fbcd,2023-09-19T20:36:59+00:00,https://chi.streetsblog.org/2023/09/19/whos-to-blame-for-the-killing-of-a-man-on-the-sidewalk-after-two-drivers-crashed-in-west-ridge,Who's to blame for the killing of a man on the sidewalk after two drivers crashed in West Ridge?,Chicago Streetsblog,"The police statement and crash report provide different accounts of which driver should have yielded, but a 6-lane street layout may have also played a role in the tragedy.",
70f83e196964c5da594edaf33d1f4909e45d82d058d0c08746207507498c02157346d83888f4bd54ae384102483a1d384bead0355465b8a586abde3b0045d8cf,2023-10-11T20:36:05+00:00,https://blockclubchicago.org/2023/10/11/after-hermosa-father-killed-in-hit-and-run-his-devastated-family-seeks-justice/,"After Hermosa Father Killed In Hit-And-Run, His Devastated Family Seeks Justice",Block Club Chicago,Leonardo Franco-Salgado was heading to his friend’s house when a driver killed him and fled. His sister launched a fundraiser to help the family with therapy for the couple’s two young children.,
8060171a59c6cd7a7506c65f3535c70f5e57f481ec265543f7a28f63cd0d7c5cfe578eb4d42555dd720eb40522ca6a3064fc3a9e3d233d7fa60ea0f4417e1c66,2023-10-25T00:08:11.608Z,https://chicago.suntimes.com/crime/2023/10/24/23930035/bicyclist-killed-drunken-driver-lincoln-square-cops,Cyclist’s death in Lincoln Square bike lane crash is being investigated as DUI: ‘He was a joy to know’,Chicago Sun-Times,"The stretch of Damen where Donald Heggemann was killed is plagued by crashes and close calls, said Christina Whitehouse, founder of the group Bike Lane Uprising.",
6fcb19a7543e5f1bd6b5d0f3d10debe3a28209da55cb46a7b005458909ee9ba7a58ced1cc3d6225904f26f30c5b1f978de3f22ffec1c5d694ec3f33a2b9464ff,2023-11-01T22:32:16.033Z,https://chicago.suntimes.com/crime/2023/11/1/23942538/victims-dusable-lake-shore-drive-crash-remembered-as-bright-young-man-and-ray-of-sunshine,Victims of deadly DuSable Lake Shore Drive crash remembered as ‘bright young man’ and ‘ray of sunshine’,Chicago Sun-Times,"Jalean Ewing-Gibbs and Jaida Rosado Colon, both 24, were killed Monday night. Their two 21-year-old friends were injured.",
683077f98c219cfdce3f09fdb5da9ed34891223a79f870d95980463823a0f91df6ca8798135037c41a4aff97190707dac5531c3ba1fae212c9629e04ef8d39e4,2023-11-06T13:25:00+00:00,https://blockclubchicago.org/2023/11/06/at-vigil-for-16-year-old-cyclist-family-urges-drivers-to-be-better/,"At Vigil For 16-Year-Old Cyclist Josh Anleu, Family Urges Drivers To 'Do Better'",Block Club Chicago,The Schurz High School student was hit and killed by a driver Oct. 4 in Portage Park — at least the fourth bicyclist to be killed in October.,
8060171a59c6cd7a7506c65f3535c70f5e57f481ec265543f7a28f63cd0d7c5cfe578eb4d42555dd720eb40522ca6a3064fc3a9e3d233d7fa60ea0f4417e1c66,2023-11-15,https://www.neiu.edu/news/remembering-donald-heggemann,Remembering Donald Heggemann | NEIU,Northeastern Illinois University,"Don studied Ceramics at Northeastern and began working for the University as a Student Aide in the Accessibility Center (now known as Student Disability Services) in 2011. In September 2022 he was hired as extra help in the Department of Art + Design before becoming their full-time office administrator. His passing is a great loss for Northeastern and those who knew and worked with him.
",
8060171a59c6cd7a7506c65f3535c70f5e57f481ec265543f7a28f63cd0d7c5cfe578eb4d42555dd720eb40522ca6a3064fc3a9e3d233d7fa60ea0f4417e1c66,2023-12-04T17:19:54+00:00,https://blockclubchicago.org/2023/12/04/woman-charged-with-aggravated-dui-after-killing-bicyclist-in-lincoln-square/,Woman Charged With Aggravated DUI After Killing Bicyclist In Lincoln Square,Block Club Chicago,"Kali Rynearson, 30, was charged with one felony count of aggravated driving under the influence in the late October crash that resulted in the death of 59-year-old artist Don Heggemann, police said.",
89f141a46255d077b053b6edb7f9bea0241956bebca0cd6836bff93decb0141484942f6f4e987903edb557e9fe844fda459c71184f43ea53ac49bcacc8a37a00,2023-12-15T22:35:11.797Z,https://chicago.suntimes.com/crime/2023/12/15/24003366/chicago-police-officer-probation-deadly-dui-crash,Chicago police officer gets probation after pleading guilty in deadly DUI crash into restaurant while off-duty,Chicago Sun-Times,"Terrance Finley, 29, was sentenced to 30 months probation after pleading guilty to aggravated DUI and reckless homicide in 2019.",
2bde8c67a9567856c93b44a67cdd76cfcb77792a75b2254f299c47af941bedef16973f6861f097ee1bed0b3f8b77c74384a6414bdb7f879b36a14416e7ae1f87,2024-01-10T14:00:00+00:00,https://blockclubchicago.org/2024/01/10/jason-kardish-killed-police-search-for-hit-and-run-driver-lincoln-park/,Police Search For Hit-And-Run Driver Who Killed Pedestrian In Lincoln Park,Block Club Chicago,Jason Kardish was killed early Sunday after someone driving a white Nissan Murano hit him as he crossed Ashland Avenue.,
478522fab8a8db8320e4ef6a5f3c010eb57b4bef404c4706faabfd1b513799381658474e57d20c269a96a00fb13ebbdf3b5c7bab798024bff2366e93d4c7a3f3,2024-02-08,https://www.fox32chicago.com/news/fatal-hit-and-run-in-archer-heights-chicago-police-seek-suspect-vehicle-involved,Grieving family seeks justice in Archer Heights hit-and-run that claimed life of beloved mother,FOX 32 Chicago,A Southwest Side family is pleading for the hit-and-run driver who killed their mother to come forward.,
7842a9377cae4c52484de319133bc1dd2144ee02e975ec4bd4f223cc2a36d16cd37274f8c9c81a2d8bc52ce709116a6477521d29d0373e7dd0d23e631e5b4604,2024-02-08T00:57:17+00:00,https://cwbchicago.com/2024/02/chicago-hit-and-run-loop-plead-guilty-sentencing.html,Driver gets 9 years for fleeing the scene of fatal crash that killed beloved hospital employee in the Loop,CWBChicago,Marcel Windham was handed a nine-year sentence on Tuesday for leaving the scene after killing a Northwestern Memorial Hospital employee in a traffic crash in downtown Chicago.,
3c33ea1166d5cc4a44466df97b816ab8bda3d7559dfba90d0eec270613dbad17efdf03cbaaa228fe4d77ab53a613d78a965b95030f5fc5f9f8fde500080695ae,2024-02-09,https://news.wttw.com/2024/02/09/pay-325m-family-woman-struck-pinned-police-car-city-lawyers-recommend,"Pay $3.25M to Family of Woman Struck, Pinned by Police Car, City Lawyers Recommend",WTTW,"The proposed settlement is set to be considered Wednesday by the City Council’s Finance Committee. If approved, a final vote of the City Council could come as soon as Thursday.",
478522fab8a8db8320e4ef6a5f3c010eb57b4bef404c4706faabfd1b513799381658474e57d20c269a96a00fb13ebbdf3b5c7bab798024bff2366e93d4c7a3f3,2024-02-10T15:15:20+00:00,https://chi.streetsblog.org/2024/02/10/hit-and-run-pickup-driver-fatally-struck-jiekun-xu-68-at-43rd-pulaski-in-archer-heights,"Hit-and-run pickup driver struck and killed Jiekun Xu, 68, on Pulaski Road where traffic deaths are common",Chicago Streetsblog,Jiekun Xu was the fourth pedestrian or bike rider fatally struck on Chicago's Pulaski Road in less than a year.,
e86d8942b00348767413310f96e5c60f91db8c930aae61191abe089cef7f63b32df7c9b1c48f2a1e1fbc3787f9951630b8ae8847802db8c6e1e7fd6e372c05a0,2024-02-11T16:42:39.760Z,https://chicago.suntimes.com/news/2024/2/11/24069203/man-dead-6-injured-suvs-crash-pulaski-archer-heights,"One dead, six injured in Archer Heights crash",Chicago Sun-Times,"The accident in the 4200 block of South Pulaski Road, reported about 2:40 a.m., involved two black SUVs, police said.",
9449ea84d9a53d30b2b1315a3bb9984a372e3cc4dc1a866d578dcf063e5a8345a856b8d9c5b989ab2c357cf894d34fbb052ef583ddc3db24f340203f48883586,2024-02-23T17:34:00Z,https://abc7chicago.com/post/stolen-car-crash-cristian-uvidia-west-garfield-park/14461105/,Teen facing reckless homicide charge in West Garfield Park stolen car crash that killed 6-month-old,ABC 7 Chicago,"A 16-year-old boy has been charged with reckless homicide in connection with a West Side crash that killed a 6-month-old boy last April, police said.",
6da6af2917a6375fb09af5ecf2bda5ec3f548bc07fa1e887f47a8a887ca1293e12cd3e30f0bb1f55577c840d65458bb5b88785aeaae1e0ee0a69c7af7f613a91,2024-02-25T11:00:08+00:00,https://www.chicagotribune.com/2024/02/25/bike-and-pedestrian-crashes/,Serious crashes with pedestrians and cyclists often fail to lead to tickets or charges: ‘We can’t be OK with this’,Chicago Tribune,"Serious or fatal traffic crashes with pedestrians or cyclists in Chicago, like the one involving Nakari Campbell, often fail to lead to charges or citations, a Tribune analysis of Chicago police data shows. Of more than 4,000 such crashes between 2018 and mid-November 2023 reviewed by the Tribune, traffic tickets or more serious violations were listed in about 26% of cases.",1
0a99002ffd6dc82bfe6e392961e1aad3b1cf65d4e6e1fa39b82adb185da65c9f599997db93122e3009286b120bd87ea833d77d5611296b50b5e4d7741863e52a,2024-02-26,https://www.legacy.com/us/obituaries/name/zofia-chruszcz-obituary?id=54474629,"Zofia Chruszcz Obituary (2024) - Chicago, IL - Pietryka Funeral Home - Chicago",legacy.com,"Zofia understood the value of hard work and never failed to showcase an optimistic and hopeful attitude. Her wits and worldly knowledge were incredulously sharp, her love for her home country unparalleled. A passionate traveler, Zofia would find joy in exploring the world and deepening her faith through religious pilgrimages. She was deeply involved with the Polish American Association and led efforts in spearheading significant legislation concerning the retired community.",
0a99002ffd6dc82bfe6e392961e1aad3b1cf65d4e6e1fa39b82adb185da65c9f599997db93122e3009286b120bd87ea833d77d5611296b50b5e4d7741863e52a,2024-02-26,https://www.pietrykafh.com/obituaries/ryszard-stebnicki,"Ryszard Stebnicki Obituary Feb 25, 2024",pietrykafh.com,"Ryszard Stebnicki, age 75, passed away on February 25, 2024. Dearest son of Bronisław and Janina Stebnicki. Loved brother, father, and grandfather. Beloved husband to Zofia Chruszcz. He was very creative with his antique collections and was an absolute lifelong tinkerer. Curious about how things worked, you could frequently find him taking various items apart and putting them back together again. Avid collector. He will continue to thrive in our memory. May he rest in peace.",
0e9afa6cc03fee5fb3e756804034dd8f7dac1afc58357755c5fa8424676c9d2dc3be7a9733f97523214b6eea63de93e5bbd9d15011be168fe664db2b82d37f1f,2024-02-26,https://www.cbsnews.com/chicago/news/search-on-jeep-hit-bicyclist-chicago-northwest-side/,"Search on for Jeep that hit bicyclist, took off on Chicago's Northwest Side",CBS Chicago,"Video of the incident was captured by neighbors in the area and sent to the office of Ald. Ruth Cruz (30th) as a plea to enact safety measures along the busy street.
",
0e9afa6cc03fee5fb3e756804034dd8f7dac1afc58357755c5fa8424676c9d2dc3be7a9733f97523214b6eea63de93e5bbd9d15011be168fe664db2b82d37f1f,2024-02-27T15:08:02+00:00,https://blockclubchicago.org/2024/02/27/teen-bicyclist-critically-hurt-at-deadly-intersection-but-late-police-missed-chance-to-catch-driver-advocates-say/,"Teen Cyclist Critically Hurt In Crash, But Late Cops Missed Chance To Catch Driver, Advocates Say",Block Club Chicago,Bike safety advocates and Northwest Side officials are demanding answers after they said officers were slow to respond to the scene where a driver hit an 18-year-old bicyclist Friday night in Portage Park.,
0a99002ffd6dc82bfe6e392961e1aad3b1cf65d4e6e1fa39b82adb185da65c9f599997db93122e3009286b120bd87ea833d77d5611296b50b5e4d7741863e52a,2024-03-01T00:18:00Z,https://abc7chicago.com/post/chicago-crash-garfield-ridge-archer-avenue-ryszard-stebnicki/14480705/,Family remembers couple killed in Garfield Ridge crash while walking together to church,ABC 7 Chicago,"Ryszard Stebnicki, 75, and his 73-year-old wife, Zofia Chruszcz, were forever torn from each other and their loved ones, while only blocks away from their Garfield Ridge home.",
0a99002ffd6dc82bfe6e392961e1aad3b1cf65d4e6e1fa39b82adb185da65c9f599997db93122e3009286b120bd87ea833d77d5611296b50b5e4d7741863e52a,2024-03-11T23:08:36+00:00,https://chi.streetsblog.org/2024/03/11/turning-driver-who-failed-to-yield-killed-married-couple-zofia-chruszcz-72-and-ryszard-stebnicki-74,"Turning driver who failed to yield killed married couple Zofia Chruszcz, 72, and Ryszard Stebnicki, 75",Chicago Streetsblog,Video shows that the seniors were walking to church when the motorist ran them down in an unmarked crosswalk at Archer/McVicker in Garfield Ridge.,
683077f98c219cfdce3f09fdb5da9ed34891223a79f870d95980463823a0f91df6ca8798135037c41a4aff97190707dac5531c3ba1fae212c9629e04ef8d39e4,2024-03-25,https://wgntv.com/news/chicagocrime/family-of-chicago-teen-killed-in-crash-involving-alleged-drugged-driver-pushing-for-felony-charges/,Family of Chicago teen killed in crash involving alleged drugged driver pushing for felony charges,WGN-TV,"Family and attorneys for a teen who died after he was struck by a driver allegedly under the influence of cocaine are calling for accountability and more serious charges to be filed. According to Chicago police, the 41-year-old driver, identified in court documents as Jennifer Kurz, hit Joshua after she claimed she stopped at a stop sign. She told investigators she did not see the teen before she heard and felt something on the right side of her car.
",
1cb356c35f558fad54c1b0f93c776bcf777433035c7847447705ab2433f69f6da1672199f406f4555f638bd8eef806c68ab0e3c857da74ec3524e6df6fb50e93,2024-04-01T09:44:00Z,https://abc7chicago.com/post/chicago-hit-and-run-crash-crime-pulaski-road-news/14601804/,Chicago teacher killed in SW Side hit-and-run crash on Pulaski Road,ABC 7 Chicago,"Charlie Mills, a teacher at Jones College Prep, was killed in a hit-and-run crash on the city's Southwest Side.",
1cb356c35f558fad54c1b0f93c776bcf777433035c7847447705ab2433f69f6da1672199f406f4555f638bd8eef806c68ab0e3c857da74ec3524e6df6fb50e93,2024-04-04,https://www.fox32chicago.com/news/reward-offered-for-credible-tips-hit-and-run-crash-that-killed-cps-teacher,Reward offered for credible tips in hit-and-run crash that killed CPS teacher,FOX 32 Chicago,"Community activists are offering a $5,000 reward for information leading to the arrest and conviction of that hit-and-run driver.",
1cb356c35f558fad54c1b0f93c776bcf777433035c7847447705ab2433f69f6da1672199f406f4555f638bd8eef806c68ab0e3c857da74ec3524e6df6fb50e93,2024-04-05T03:34:06Z,https://abc7chicago.com/post/jones-college-prep-teacher-charles-mills-killed-in-pulaski-road-hit-and-run-crash-just-9-days-after-his-mother-died-family-says/14619203/,Chicago teacher killed in Pulaski Road hit-and-run just 9 days after mother's death,ABC 7 Chicago,The family of a Chicago Public Schools educator who was killed in a hit-and-run on Pulaski Road Sunday night is reeling after his mother died just days before.,
1c893e18b66c8c5cc9c95a7760b803ae2cc840e9752643db19b84b5fd63e1028bbbb1417890d69dd836caca2713649e21715b729ce637977031d1c1fb4609757,2024-04-22T12:01:00Z,https://abc7chicago.com/post/chicago-crash-accident-south-deering-106th-street/14713720/,"Woman killed, 2 children critically injured in South Deering crash, Chicago police say",ABC 7 Chicago,"A woman was killed and two children were critically injured in a single-car crash in the South Deering neighborhood Monday morning, Chicago police said.",
a6d8677889dbd2502e0165828295f4cbbe1c064f8a6dc3a16298317757bfa0060be875453213ee86c0bc70a1207ea8b571b430702aa81e57a6a442aef2c04e39,2024-05-26T10:50:00Z,https://abc7chicago.com/post/woman-killed-3-injured-multi-vehicle-crash-woodlawn/14873254/,"Woman killed, 3 injured in multi-vehicle crash in Woodlawn, Chicago police say",ABC 7 Chicago,Two of the drivers were on their way to report a first crash when the deadly crash happened on Saturday.,
4306e3c1bc00061bf4a70ccd3aa7ef66a473364f59cd7e19ac9600016428bda67c41cc1e856b555aa7b101225f7d338915b61839b4ab39c2fc1980ceaec32dd1,2024-06-05,https://www.cbsnews.com/chicago/news/chicago-fatal-police-chase-video/,"Chicago police body camera video shows moments before chase, crash that killed girl",CBS News,"New body camera footage sheds light on what happened during a 2020 chase in Chicago that ended in a crash that killed a 10-year-old girl.
",
a736767eac48b46f7ff9eea9f13c0f244a6a10b2d28bc125b11578ee8bbe0b0f94d25a7cad15c69362f87933f6797182d99ad54bc4c5b1698efbffd3a1735d5f,2024-06-21T13:03:16Z,https://abc7chicago.com/post/chicago-white-sox-news-condelarious-garcia-sentenced-hit/14984343/,Man sentenced in hit-and-run that injured 4 before White Sox game last year,ABC 7 Chicago,The driver convicted of running down several White Sox fans in June of last year was sentenced Thursday.,
d3c723f453b3319348065ff841f12ce994b136b1e8bcbeef2a4b9657e7e1adb28e4f4015c9efe8970adefa494a84b168e5c4469ac2ae47b48a2b1946d786a082,2024-06-22T23:03:57-0500,https://www.cbsnews.com/chicago/news/city-accidentally-removed-ghost-bike-man-hit-killed-cycling-chicago/,"City accidentally removed ghost bike installed for man hit, killed while cycling in Chicago",CBS News,The city claims workers did not recognize a memorial.,
282a5bd3c9d31d997a00d2822d68367b4d695422632bfba07b2a755206ce4e9c6cb09b8cb3a3ba34ff69d03144a8bd148ba14f74ce08028fd73adc37628d8238,2024-07-18T19:35:51Z,https://abc7chicago.com/post/chicago-crash-aaron-guerrero-noe-garcia-sentenced-probation/15068793/,2 sentenced to probation in 2022 Clearing street racing crash that killed pedestrian,ABC 7 Chicago,"Two men accused of street racing before a pedestrian was struck and killed in Chicago's Clearing neighborhood 2022 were sentenced to probation earlier this week, court records show.",
42b9d8cef3d7ffe729a27b88da5b43b8f063cbd5613e16ac5442f4dfcfc99496957a91ae6b8cdd9c3c2aa110fb82c417648256b5bf8091726d1b4e7ce169ae81,2024-08-06T21:44:07-0500,https://www.cbsnews.com/chicago/news/woman-dies-hit-by-semi-trailer-truck-chicago-near-west-side/,Woman dies after being hit by semi-trailer truck on Chicago's Near West Side,CBS News,"At 8:15 p.m., the truck was headed north on Ashland Avenue at Roosevelt Road when the woman crossed in front of it, police said.",
fcdc40f9d488d19ddef4a2955ccb0427361e40731b6ca5b79dd582011e88847777ec7dae6c622c2ef6e05458067eba9712df4c5b0973f038b592a26a58475fcb,2024-08-10T09:12:34-05:00,https://www.nbcchicago.com/news/local/pedestrian-struck-and-killed-on-dusable-lake-shore-drive/3518634/,Pedestrian struck and killed on DuSable Lake Shore Drive,NBC 5 Chicago,"Chicago police were investigating Saturday morning after a pedestrian was struck and killed on DuSable Lake Shore Drive, authorities said.",
6ebeb62e2a407348cac509a03aafcf6ad3e78207b0b6fa6b5a85978e194d2571decf4edc07832cd7bdedf3a6d798d4bcc36b1894d64e00350e739911f4b988be,2024-08-18T11:04:00Z,https://abc7chicago.com/post/man-struck-killed-west-rogers-park-hit-run-howard-street-chicago-police-searching-driver-black-truck/15199387/,"Man struck, killed in West Rogers Park hit-and-run, Chicago police searching for driver",ABC 7 Chicago,"A 67-year-old man was walking in the West Rogers Park neighborhood when he was struck by a man driving a black pickup truck. The driver of the pickup drove off after the striking the man, according to police.",
634991de53845dcbf94b33a624ca021fbf5d5f677b7ee79ef277b82439359c68d10601eb759017ce799c1c7b878b2a1e37c73f26df6b45a4cb89dc071e3373df,2024-08-22T12:50:55+00:00,https://www.chicagotribune.com/2024/08/22/72-year-old-man-struck-while-crossing-the-street-wednesday-evening-in-rogers-park/,72-year-old man struck while crossing the street Wednesday evening in Rogers Park,Chicago Tribune,"A 72-year-old pedestrian was in critical condition after he was struck by a pickup truck while walking in the crosswalk in the Rogers Park neighborhood, Chicago police said.",
1a38f81854184201b60978ec79df33fa18f7a04d93a9e21d0498be051dfc64a45b909aa8562b2ccc0a269d03bee5b1fd5ce8253448048551b39235b850ef3a4a,2024-08-24,https://wgntv.com/news/chicago-news/20-year-old-man-dead-after-two-vehicle-crash-in-the-citys-austin-neighborhood/,20-year-old man dead after two-vehicle crash in the city’s Austin neighborhood,WGN-TV,"Police said a 20-year-old passenger in the silver sedan, identified as Jesus Bautista, suffered severe trauma from the crash and was pronounced dead a short time after being taken to Mount Sinai Hospital.
",
fcdc40f9d488d19ddef4a2955ccb0427361e40731b6ca5b79dd582011e88847777ec7dae6c622c2ef6e05458067eba9712df4c5b0973f038b592a26a58475fcb,2024-08-25T16:33:00Z,https://abc7chicago.com/post/chicago-crime-car-wanted-deadly-downtown-hit-run-lake-shore-drive-police-say/15229226/,Car wanted in deadly hit-and-run near Museum Campus: Chicago police,ABC 7 Chicago,Chicago police are asking for the public's help finding a driver wanted in a deadly hit-and-run.,
66f50745e1ebd258ca477efb150152dd82012a5c9153d4a33fc784f46662e64a42b3930b690a9fbac4baf15dd64c4c8050bbd11d651cf0d93590606e057512ac,2024-08-27T12:00:00+00:00,https://blockclubchicago.org/2024/08/27/family-of-ukrainian-immigrant-killed-in-crash-want-driver-held-accountable/,Family Of Ukrainian Immigrant Killed In Crash Wants Driver Held Accountable,Block Club Chicago,Taras Mykhailenko's family members said they have security footage of the crash that shows a driver hitting a man in a marked pedestrian crosswalk.,
4b24a9896860c47c767f0de7896937c40501bf91e543fd3732de8f5e54a7ef4561a21dcb04c4f03d394db4e548ab741baa258cc66c1351ef9ff504340d6e60dc,2024-08-31T00:58:00Z,https://abc7chicago.com/post/chicago-crash-bahiyyah-bost-charged-2023-dusable-lake-shore-drive-hit-run-killed-road-worker-kenny-hernandez-police/15249750/,Woman charged in 2023 hit-and-run crash that killed road worker on DuSable Lake Shore Drive,ABC 7 Chicago,"A road worker died in April 2023 after he was standing in a closed lane next to a construction street sweeper and a driver, who is now facing charges, struck him and kept driving, Chicago police said.",
8ef511d6a0e7afaee3a030e553cce9c9a2f1d35c1495086050ccba30c255464441cfce67ac6f7b0f00d9b1e75c6537b5e9c338e65d6e68fd3eba2de7799445a7,2024-09-06T23:08:55+00:00,https://chi.streetsblog.org/2024/09/06/john-ward-55-fatally-struck-by-a-hit-and-run-driver-in-garfield-park-was-the-first-person-to-die-from-a-bike-crash-in-chicago-this-year,"John Ward, 55, fatally struck by a hit-and-run driver in Garfield Park, was the first person to die from a bike crash in Chicago this year",Chicago Streetsblog,"A car driver fatally struck John Ward, 55, on a bicycle Saturday, August 24, in the Garfield Park green space, and fled the scene. He died of his injuries on Thursday, September 5, the Cook County Medical Examiner’s Office stated.",
8ef511d6a0e7afaee3a030e553cce9c9a2f1d35c1495086050ccba30c255464441cfce67ac6f7b0f00d9b1e75c6537b5e9c338e65d6e68fd3eba2de7799445a7,2024-09-09T19:04:23Z,https://patch.com/illinois/chicago/police-search-hit-run-driver-who-fatally-struck-man-bike,Police Search For Hit-And-Run Driver Who Fatally Struck Cyclist In Garfield Park,patch.com,"A 55-year-old Chicago man died nearly two weeks after a collision with a hit-and-run driver on West Washington Boulevard, police said.",
716ff9158a3daf1e70749a35308c437b0ef5eb054c20213023b38afc501472eeddd0da951f3e26a191c5fe0076a0240f9086debaefbe04e3853e46f41198cc66,2024-09-15T18:19:45+00:00,https://blockclubchicago.org/2024/09/15/woman-killed-2-critically-injured-in-south-loop-car-crash-police-say/,"Woman Killed, 2 Critically Injured In South Loop Car Crash, Police Say",Block Club Chicago,"Giselle Chavez, 21, was killed after she and two others were ejected from a car during a crash on Roosevelt Road, authorities said.",
716ff9158a3daf1e70749a35308c437b0ef5eb054c20213023b38afc501472eeddd0da951f3e26a191c5fe0076a0240f9086debaefbe04e3853e46f41198cc66,2024-09-16T19:14:12.550Z,https://chicago.suntimes.com/crime/2024/09/16/fatal-south-loop-crash-homicide,Suspected road rage death of Niles woman in South Loop investigated as homicide,Chicago Sun-Times,"The 2:15 a.m. Saturday crash left 21-year-old Giselle Chavez dead and her 20-year-old sister and a 21-year-old man critically injured, police said.",
86cec44189ccb02083f29193374134234747e95daf8ec57c0841c1c9393e6b64f523d08c6774f57edefd4a1d2de046de79a545d1acc0e6a32c95c58b6a3a9a53,2024-09-19,https://wgntv.com/news/chicago-news/man-dies-after-crashing-into-parked-cars-on-northwest-side/,Man dies after crashing into parked cars on Northwest Side,WGN-TV,"A man was killed after crashing into parked vehicles on the city’s Northwest Side. Police said a 45-year-old man was traveling eastbound in a two-door sedan and came to a stop after striking three parked cars.
",
7152488a2739d0b96f7adbf36f6f0bb098c7b7a27a71a03a14df8bd89dde1b59a8b2d4eeef9c3e2472d867e379b1cc184bc1c933a0623259c2330e069014144a,2024-10-01T18:30:17.671Z,https://chicago.suntimes.com/crime/2024/10/01/driver-killed-2-hurt-mckinley-park-crash,"Police chase sparks deadly crash in McKinley Park, witness feels 'very lucky' to be alive",Chicago Sun-Times,"About 2 a.m. Tuesday, officers began pursuing two gunmen who got into a black Lexus ES that sped north from the 5500 block of South Pulaski Road before running a red light and colliding with an SUV and a building in the 3500 block of South Ashland Avenue, Chicago police said.",
7152488a2739d0b96f7adbf36f6f0bb098c7b7a27a71a03a14df8bd89dde1b59a8b2d4eeef9c3e2472d867e379b1cc184bc1c933a0623259c2330e069014144a,2024-10-02T13:07:00+00:00,https://blockclubchicago.org/2024/10/02/fatal-police-chase-on-southwest-side-puts-car-pursuit-policy-back-in-spotlight/,Fatal Police Chase On Southwest Side Puts Car Pursuit Policy Back In Spotlight,Block Club Chicago,"The Police Department's ability to pursue people in car chases was limited under an August 2020 directive that established officers must use a ""balancing test"" to determine if the chase is worth the safety risk.",
712b11e614a2104a140c4acdd4aea0de04639d6f0b67b861e9ae890e4c4e66c0483b9b5604aaddd049d2c8bd71ed9c3709e3c481fe83cad6ed60ba89b5fccf5c,2024-10-14T20:58:59.907Z,https://chicago.suntimes.com/crime/2024/10/14/2-dead-crash-bronzeville-runs-red-light,2 killed in Bronzeville car crash outside Chicago police headquarters,Chicago Sun-Times,"A man and woman in a car were killed early Monday morning when an allegedly intoxicated driver of a black Infiniti ran a red light in the 3500 block of South Michigan Avenue and hit them, police said.",
8ea06daca140137393d3015c57cff653eaef737e44b58239f74bafbb4189dc41f5ea1e994212494051904154587acef04d28b63f828cc8063ad3e0e8fcb3872b,2024-10-18T22:16:09.033Z,https://chicago.suntimes.com/crime/2024/10/18/plea-deal-prison-term-no-answers-woman-struck-twice-hit-and-run-driver,"Plea deal, prison term but no answers for family of woman struck twice by hit-and-run driver",Chicago Sun-Times,"Edgar Roman pleaded guilty to hitting Zoraleigh Ryan in his SUV, then coming back moments later and running her over, killing the 55-year-old.",
020bd209fc7e8d07a48078263edac53f989dca0916115aa11d0d61119560a33d1fa5d18b06479fd4ed13a7d1d905d1564b02fc2591b473f93be8106614cc511d,2024-11-28T04:06:36Z,https://abc7chicago.com/post/chicago-pedestrian-killed-man-fatally-struck-vehicle-hit-run-crash-south-central-park-avenue-lawndale-police-say/15597162/,"Man killed in hit-and-run crash in Lawndale, Chicago police say",ABC 7 Chicago,"A man was hit and killed by an SUV while crossing a street Wednesday evening on the city's West Side. The driver fled the scene of the crash, police said.",
4306e3c1bc00061bf4a70ccd3aa7ef66a473364f59cd7e19ac9600016428bda67c41cc1e856b555aa7b101225f7d338915b61839b4ab39c2fc1980ceaec32dd1,2024-12-12T02:36:12.529Z,https://chicago.suntimes.com/chicago/2024/12/11/jury-to-decide-how-much-the-city-owes-family-of-young-girl-killed-in-2020-police-chase-crash,Family awarded nearly $80 million in suit against the city over police chase crash that killed their 10-year-old girl,Chicago Sun-Times,"Lawyers representing the family of Da’Karia Spicer asked the jury to award them more than $140 million. The city’s attorneys requested a $12 million to $15 million award.
",
2e5de187dc65de8a19c3320ddb7b2e2269d2856c3bbd77b50d3d495e83003af78ad460ffe31401106fe838370699b1f53d323070a15b150026c96006794387e9,2024-12-21T09:33:46-0600,https://www.cbsnews.com/chicago/news/aurora-man-charged-street-race-crash-far-south-side/,Aurora man charged in deadly street race crash on Far South Side last year,CBS News,"Vincente Rodriguez, 20, of Aurora, Illinois, was charged with three felony counts of reckless homicide with a motor vehicle.",
a9639a9ca165f33173b51fb99b947fc38432616587b74b41708f6552aa7d262ed244c7f2bf990bd372a53d308184e1e00af7af7f0da1469f56155bf97f33c597,2025-01-04T23:19:00Z,https://abc7chicago.com/post/chicago-crime-family-andrew-wells-continues-search-answers-4-years-after-75-year-old-man-killed-austin-hit-run/15753940/,Family continues search for answers 4 years after 75-year-old man killed in Austin hit-and-run,ABC 7 Chicago,There was a renewed effort Saturday to find the person responsible for a hit-and-run crash that left 75-year-old Andrew Wells dead four years ago on the West Side.,
26833dbaa9feca7116a6fca43a13991fd7c1c5247aa4ecec62c7e2e1395dcbb7d56aef14ad58070ec99a667fd4b819da51a87c0090f56df469ffe7cd903c1df2,2025-01-09T13:00:45Z,https://abc7chicago.com/post/chicago-crime-driver-ricky-hernandez-sentenced-deadly-uptown-hit-run-crash-killed-soyfa-athamanah/15782305/,Driver sentenced in deadly Uptown hit-and-run crash that killed Chicago mother in 2023,ABC 7 Chicago,"Ricky Hernandez was sentenced to less than a decade for the crash that killed Soyfa Athamanah, 69, court records show.",
372c40074949a6cbef6b75dcd349e973ae5ccd7e833d38f0a314b9a04fa87f31190020ea2cb82591e73482263bcba12fcd22717ee790e12223f24e8b3b6ac794,2025-01-15T22:47:49+00:00,https://cwbchicago.com/2025/01/cops-hunt-driver-who-struck-killed-69-year-old-man-in-west-town.html,"Cops hunt driver who struck, killed 69-year-old man in West Town",CWBChicago,"Chicago police need help as they try to identify a driver who killed a pedestrian in West Town last fall. The victim was initially listed in serious condition, and he was able to speak with police and confirm details of the crash, the report said. However, the man died two days later from blunt force injuries to his head and neck that he suffered in the crash, according to the Cook County Medical Examiner’s Office.",
f81d5f0ddd12c5862c0e6f0349926822c10f6dd76f4c6b67c4dfba413411e9a896d0c048fc495058078c07fe4f97314551f4cbc6b95db63d39211613ed771594,2025-01-16T13:17:56.110Z,https://chicago.suntimes.com/crime/2025/01/16/driver-dead-passenger-injured-in-ashburn-wreck,"Driver dead, passenger injured in Southwest Side wreck",Chicago Sun-Times,"The car slammed into a pole at 3:10 a.m. in the 7700 block of South Cicero Avenue. The driver, a woman, has not been identified.",
3d0f88a555ad344c2a6d4d1488c389f91c41298d804279b6e877da4360b7153ffb05c1a1d1ffc92d8c172130eec3a77529cf63f563f82afa65097a19e8c4703e,2025-01-22T19:32:02+00:00,https://chi.streetsblog.org/2025/01/22/alex-rivera-32-fatally-struck-by-his-wife-who-was-attempting-to-drive-off-was-the-first-pedestrian-fatality-on-chicago-streets-in-2025,"Alex Rivera, 32, struck and killed by his wife, who was ""attempting to drive off,"" was the first pedestrian fatality on Chicago streets in 2025",Chicago Streetsblog,"Tragically, it appears that Chicago saw its first pedestrian fatality case of 2025, with the killing of Alex Rivera, 32, on Sunday, January 5, in the Chicago Lawn community area.",
41d743ef1a037cc5453070fe7849b32d2303fcf0fe888604f41cb4945e8b49dbe26111d7358c024d68c9bc6413776239a5c1579264ce49266f313e701e1a4536,2025-01-25T04:24:00+00:00,https://chi.streetsblog.org/2025/01/24/hit-and-run-suv-driver-killed-ukrainian-immigrant-halyna-hudzan-66-near-the-church-her-husband-formerly-led-in-west-town,"Hit-and-run SUV driver killed Ukrainian immigrant Halyna Hudzan, 66, near church her husband formerly led in West Town",Chicago Streetsblog,"According to the initial Chicago Police Department report, at around 8:48 a.m., Huzdan was in a crosswalk when the turning driver of a 2022 Mitsubishi Eclipse Cross SUV struck her and fled the scene. She was transported to Stroger Hospital, where she was pronounced dead.",
d29353d602b4b6c372290ffed29ef7feac72f84a14ca0be97f86f0a61dad7a57b52aca8f56f87faa72d722e4d2b2157e09b4e79521525574adc3e2c1c68487fc,2025-01-28T16:32:44+00:00,https://blockclubchicago.org/2025/01/28/one-person-killed-in-galewood-metra-crash/,Person Killed In Galewood Metra Crash,Block Club Chicago,A train headed for Union Station hit a car at the Narragansett crossing around 7:45 a.m. Tuesday.,
5454d9e1cf8647e29fba540c0ca27f0c2b39c223a941d9a8a76e5d13fd7e8b63bbfb5222859768ee581175a108e529724b79c968c8a25bee0b034102d9fa3f82,2025-01-31T13:38:00Z,https://abc7chicago.com/post/driver-dead-semi-car-crash-1700-block-east-103rd-street-chicago-police-department/15851104/,"Driver dead after crash involving sedan, semi on Far South Side: Chicago police",ABC 7 Chicago,"A driver is dead after an early Friday morning crash on Chicago's Far South Side, police said.",
0bd4b8b145e77fd600989e6f738faa66cd63e46d7ceb8377b1ac1bd10df823e05134aecc9692cf369e6550bd60bbca44b9bb3f731ecebfb470fa0fb272fd805a,2025-02-01T03:24:04.250Z,https://chicago.suntimes.com/crime/2025/01/31/wrong-way-driver-killed-auburn-gresham-crash,Wrong-way driver killed in Auburn Gresham crash,Chicago Sun-Times,"The driver, a 30-year-old man, was trying to pass other cars and went into oncoming traffic, causing him to strike one car and spin out.",
b4e3f0dc9f0773c3495ca500b891216f6f81adba373c8d710e79854680b983de83be8fba4cdb04f25bfffb04c28e18fa52d61dce9a17d8342f476f955e18869c,2025-02-03T20:24:56+00:00,https://chi.streetsblog.org/2025/02/03/woman-76-fatally-struck-by-a-trucker-at-madison-western-was-the-2nd-female-senior-killed-on-foot-in-the-area-in-about-a-week,"Hattie Mickell, 76, fatally struck by a trucker at Madison/Western was the 2nd female senior killed on foot in the area in about a week",Chicago Streetsblog,"Update 2/4/25, 11:30 AM: The Cook County medical examiner's office has identified the victim of the Near West Side crash as Hattie S. Mickell, 76. She lived about two miles southwest of the collision site in the North Lawndale community.",
2b29eb37454c4b31ab1e7ae35e5e888e2b13cb425f57536afee6408c82c880094419cec0359ee68f0adfd70254982c7cb3b64a9124d62024622164de1968edaf,2025-02-10,https://wgntv.com/news/chicago-news/man-dies-in-car-crash-in-west-pullman-neighborhood-police-say-vehicle-split-in-half/,"Man dies in car crash in West Pullman neighborhood, police say; vehicle split in half",WGN-TV,"According to Chicago police, the man was driving north in a white SUV in the 12000 block of South Halsted Street just before 8 p.m. when he hit a tree and two unoccupied parked vehicles before being ejected from his vehicle.
",
362c12430744ace0e1bd90e95689790166481ef62c096f4ea25bfdac169bff71fa759ed6fe7e8af67360ab8f466f29f83cd544453a50137b7586327ef722f8b3,2025-03-06,https://news.wttw.com/2025/03/06/city-poised-pay-another-25m-families-chicagoans-killed-driver-being-chased-police,City Poised to Pay Another $2.5M to Families of Chicagoans Killed by Driver Being Chased by Police,WTTW,"The family of Mignonne Robinson would get $1 million to resolve the wrongful death lawsuit they filed after she was killed after being struck by a car fleeing police on Feb. 8, 2020, just three days after the crash that killed Island.
",
d6cb45fc7bce2fdd78d94095c977d25438fd455ce8c7828ccef2685cb1bfcd2543e0af6032e42b5c550a3309c1677663592c1b10d3321a76bf01046708a84048,2025-03-06,https://news.wttw.com/2025/03/06/city-poised-pay-another-25m-families-chicagoans-killed-driver-being-chased-police,City Poised to Pay Another $2.5M to Families of Chicagoans Killed by Driver Being Chased by Police,WTTW,"The family of Ezell Ricky Island, 54, would get $1.5 million to resolve the wrongful death lawsuit they filed after he was killed on Feb. 5, 2020, according to the proposed settlement. Island, the father of nine children, was riding in the back seat of a blue 2009 Ford Focus, driven by Mackelin Moore, of Pill Hill, when Moore cut off an unmarked police SUV near Garfield Park, court records show, and a CTA railroad pillar and a Dodge Journey. Island, riding in the back seat, suffered a neck injury described as “internal decapitation,” in the police report.
",
ae8dca8762c225d280006a4ac5abf5cb5cdaa6ce2f1b2d6e10dde9704e863c97f8a43dec7eef1eb37866875069fbd9043ca0ff197a944aebb2b496de5ade20d1,2025-03-18T09:38:00Z,https://abc7chicago.com/post/pedestrian-killed-3-car-crash-63rd-street-midway-airport-chicago-police-say/16042552/,Pedestrian killed in 3-car crash near Midway Airport identified by officials,ABC 7 Chicago,"A pedestrian was killed in a three-vehicle crash near Midway Airport Monday night, Chicago police said.",
1244e9f0fd430c661a04b352ca49e3f25924c432f3a6c9bc21eb89feb5ab6f08758b5e1444dfee11a4f6855b47ed709536ddf31e4cab2f32ce97bce97562c513,2025-03-18T13:09:00+00:00,https://blockclubchicago.org/2025/03/18/loved-ones-mourn-union-ridge-special-education-assistant-killed-by-motorcyclist/,Loved Ones Mourn Union Ridge Special Education Assistant Killed By Motorcyclist,Block Club Chicago,"People are remembering Camryn Green, 26, as selfless and smart. Friends are planning a private celebration in her memory.",
ae8dca8762c225d280006a4ac5abf5cb5cdaa6ce2f1b2d6e10dde9704e863c97f8a43dec7eef1eb37866875069fbd9043ca0ff197a944aebb2b496de5ade20d1,2025-03-19T22:23:31+00:00,https://chi.streetsblog.org/2025/03/19/two-pedestrians-were-fatally-struck-in-chicago-in-past-week-camryn-green-26-in-norwood-park-and-jamie-cerney-38-near-midway,"Two special education workers were fatally struck in Chicago in past week: Camryn Green, 26, in Norwood Park and Jamie Cerney, 38, near Midway",Chicago Streetsblog,"According to the narrative, the driver of the white Infiniti (Unit 1 in the above image), a 19-year-old man, was traveling west in the outside lane when he tried to merge into the inside lane, striking the westbound black Infiniti (Unit 2). The the driver of the white Infiniti then “swerved and jumped the sidewalk,” striking Jamie Cerney, crashing through the wall of the hangar, and hitting an electric generator.",
660b51e25d76aa5ffe03e86b1460938e832ff37a41cf9fdcef3bba3ab118bd71624ffc5c55bf17224f520d52f9fe1d5bcc94023d90907f12fc8b83ca633f2a18,2025-03-21,https://www.fox32chicago.com/news/husband-honors-wife-killed-2019-river-north-crash-donation-lurie-childrens-hospital,Husband honors wife killed in 2019 River North crash with donation to Lurie Children's Hospital,FOX 32 Chicago,The husband of a pregnant woman who was hit and killed by a flatbed truck in 2019 has made a generous donation to Lurie Children's Hospital.,
f379e7ecdf3a6b4b63b2a132974c50812ed0c5690e6e1fd8478cca1d5ef8692cb047b13226b1dbe515e28e5309e968b224ddbb7f2a0a4e7c9b6569ac7ddea677,2025-03-25T12:27:00+00:00,https://blockclubchicago.org/2025/03/25/are-we-waiting-for-someone-to-die-nw-siders-beg-city-to-address-dangerous-intersection/,'Are We Waiting For Someone To Die?': NW Siders Beg City To Address Dangerous Intersection,Block Club Chicago,Irving Park neighbors say car crashes at Belmont and Karlov are a daily occurrence. Demands for a solution escalated after two pedestrians were hit at the intersection this month.,
c889f06fc1cd0eabc303088c7f6eaf6d98f9f4479f0af1a9c7da97531c5da3e2af0ee72544c846b5c7c08d5c2451e2290fcba1b24e8c3f1fc2b087d16a9f2487,2025-04-17T00:43:31+00:00,https://chi.streetsblog.org/2025/04/16/bill-for-dlsd-safety-study-passes-state-senate-and-after-a-driver-fatally-struck-man-72-there-are-new-calls-to-make-roosevelt-dlsd-safer,New wayfinding signs installed after driver killed man at DLSD/Roosevelt,Chicago Streetsblog,"Neighborhood resident AR Sakaeda emailed Streetsblog Chicago with the following report. “Three new signs were recently erected regarding Museum Campus access,” she said. “The first is at the southeast corner of Indiana Avenue and Roosevelt Roosevelt.”",
c889f06fc1cd0eabc303088c7f6eaf6d98f9f4479f0af1a9c7da97531c5da3e2af0ee72544c846b5c7c08d5c2451e2290fcba1b24e8c3f1fc2b087d16a9f2487,2025-04-17T23:15:58+00:00,https://chi.streetsblog.org/2025/04/17/pickup-driver-who-killed-male-pedestrian-72-at-roosevelt-dlsd-cited-for-failure-to-exercise-due-care,"Pickup driver who killed male pedestrian, 72, at Roosevelt/DLSD cited for failure to exercise due care",Chicago Streetsblog,"A pickup truck driver fatally struck a 72-year-old male pedestrian at Roosevelt Road and DuSable Lake Shore Drive, just west of the Museum Campus. It was reported that the victim had been trying to cross the highway on foot, although it's illegal to do so there.",
18b657ce7928692eff3246c02ed183fe58fbbbc28290943afc1afa2360b98951b9216bf4e7ad5b3f11d4c6d0abd02eccbb1ee057eee0fcf94077ec42ebaa6514,2025-04-20T10:25:14-05:00,https://www.nbcchicago.com/news/local/multi-vehicle-crash-2-dead-1-hurt-austin-chicago/3726371/,"High-speed crash leaves 2 dead, 1 critically hurt in Chicago’s Austin",NBC 5 Chicago,"A multi-vehicle crash left two drivers dead and a passenger in critical condition Sunday morning in the Austin neighborhood, Chicago police said.",
41d743ef1a037cc5453070fe7849b32d2303fcf0fe888604f41cb4945e8b49dbe26111d7358c024d68c9bc6413776239a5c1579264ce49266f313e701e1a4536,2025-04-25T17:18:26+00:00,https://blockclubchicago.org/2025/04/25/woman-charged-in-fatal-ukrainian-village-hit-and-run-months-after-crash/,Woman Charged In Fatal Ukrainian Village Hit-And-Run Months After Crash,Block Club Chicago,"Iryna Kalach has been charged in the January hit-and-run that killed Halyna Hudzan, 66, at the intersection of Oakley Boulevard and Chicago Avenue.",
bacd6fe7239a1017e57a3f0addf06a9e04c2b91c6df05f6c5447fdd72f00ac4cdf50639dbf0091301bd74c4d4e8c940255ba20dae750a4325d48c7efb9df7e94,2025-05-16,https://www.fox32chicago.com/news/chicago-dui-crash-charges,Chicago woman charged with DUI in crash that killed 76-year-old pedestrian,FOX 32 Chicago,"Nyamca Tolefree, 29, faces multiple charges, including one felony count of failure to report an accident resulting in death and one misdemeanor count of driving under the influence of alcohol. She also received citations for transporting alcohol as a driver, failure to exercise due care and failure to reduce speed.",
bacd6fe7239a1017e57a3f0addf06a9e04c2b91c6df05f6c5447fdd72f00ac4cdf50639dbf0091301bd74c4d4e8c940255ba20dae750a4325d48c7efb9df7e94,2025-05-16T12:53:20+00:00,https://chi.streetsblog.org/2025/05/16/hit-and-run-suv-driver-killed-elderly-man-tuesday-night-in-chicago-lawn,"Allegedly drunk hit-and-run SUV driver struck and killed a man, 76 Tuesday night in Chicago Lawn",Chicago Streetsblog,"Tragically, a motorist in an SUV fatally struck a senior citizen last Tuesday in the Chicago Lawn neighborhood and fled the scene.",
a3acf9c83361b3b687a0c48af8084e52f2aa02048d790504cfccba7b6273e615ee795302f5179d75aefb829216bce7bc71f209e5aa5a6ab09955c7d09e6e0fe0,2025-05-27,https://chicago.suntimes.com/transportation/2025/05/27/first-bicyclist-death-michigan-yader-castaneda,Driver says he did not see cyclist in fatal Loop crash — Chicago's first bicyclist death of 2025,Chicago Sun-Times,,
a3acf9c83361b3b687a0c48af8084e52f2aa02048d790504cfccba7b6273e615ee795302f5179d75aefb829216bce7bc71f209e5aa5a6ab09955c7d09e6e0fe0,2025-05-29T04:07:27+00:00,https://chi.streetsblog.org/2025/05/28/cpd-driver-distraction-speed-played-a-role-in-death-of-divvy-rider-yader-castaneda-18-deadly-vehicle-design-may-have-also-been-a-factor,"CPD: Driver distraction, speed played a role in death of Divvy rider Yader Castaneda, 18. Deadly vehicle design may have also been a factor.",Chicago Streetsblog,"Chicago saw its first bike fatality of 2025 on Memorial Day, when a Hummer driver fatally struck Yader Castaneda, 18, while he was riding an electric Divvy bike-share cycle in the Loop.
",
8060171a59c6cd7a7506c65f3535c70f5e57f481ec265543f7a28f63cd0d7c5cfe578eb4d42555dd720eb40522ca6a3064fc3a9e3d233d7fa60ea0f4417e1c66,2025-05-29T13:18:00Z,https://abc7chicago.com/post/kali-rynearson-pleads-guilty-hit-run-dui-crash-killed-biker-donald-heggemann-ravenswood-court-records-show/16586716/,"Chicago woman pleads guilty in killing NEIU faculty member in DUI crash, records show",ABC 7 Chicago,Kali Rynearson pleaded guilty in a hit-and-run crash that killed a Northeastern Illinois University faculty member.,
a3acf9c83361b3b687a0c48af8084e52f2aa02048d790504cfccba7b6273e615ee795302f5179d75aefb829216bce7bc71f209e5aa5a6ab09955c7d09e6e0fe0,2025-06-02,https://www.dieterlememorialhome.com/obituaries/Yader-Yak-Castaneda?obId=42633410,"Obituary information for Yader ""Yak"" Castaneda",dieterlememorialhome.com,"January 19, 2007  -  May 26, 2025",
4306e3c1bc00061bf4a70ccd3aa7ef66a473364f59cd7e19ac9600016428bda67c41cc1e856b555aa7b101225f7d338915b61839b4ab39c2fc1980ceaec32dd1,2025-06-03,https://news.wttw.com/2025/06/03/chicago-paid-625m-family-girl-killed-during-2020-chicago-police-chase-records,Chicago Paid $62.5M to Family of Girl Killed During 2020 Chicago Police Chase: Records,WTTW,"The family of a 10-year-old girl who was killed after a 2020 police chase received $62.5 million from the city, the latest massive payment prompted by a Chicago police pursuit that violated department policy, records obtained by WTTW News show.
",
eeae44567c6fc35c9c22af4ee122ea46a51bbebd4291fb08ca3ca9edbc2e64518f5356724e158066c7406a50f41a25dad25bf4751b341257448b86ae2209cabd,2025-06-22T14:47:39.184Z,https://chicago.suntimes.com/news/2025/06/22/three-dead-one-injured-vehicle-crash,"Three dead, one injured in head-on crash on South Side",Chicago Sun-Times,Three people were killed and another person hurt in a head-on collision early Sunday on the Far South Side.,
cbf13a0bf23c0263e5b1853ce43350213ff38b0d46ea9b765eab5b626660402fb897102aec124e1c351b402a65449f31d0a29b9e79601f3586ce6999db6d3c6f,2025-06-23,https://www.martenson.com/obituaries/brendan-siddall,"Brendan David Siddall Obituary June 21, 2025",martenson.com,"February 12, 1999 — June 21, 2025",
cbf13a0bf23c0263e5b1853ce43350213ff38b0d46ea9b765eab5b626660402fb897102aec124e1c351b402a65449f31d0a29b9e79601f3586ce6999db6d3c6f,2025-06-23T22:33:11Z,https://abc7chicago.com/post/misericordia-home-residents-mourn-employee-brendan-siddall-killed-lakeview-hit-run-3600-north-dusable-lake-shore-drive/16829943/,Misericordia residents 'devastated' after 26-year-old employee killed in Lakeview hit-and-run,ABC 7 Chicago,"Brendan Siddall, in addition to working overnights with the residents at Misericordia, was a member of the Chicago Gay Men's Chorus.",
cbf13a0bf23c0263e5b1853ce43350213ff38b0d46ea9b765eab5b626660402fb897102aec124e1c351b402a65449f31d0a29b9e79601f3586ce6999db6d3c6f,2025-06-24T03:34:39+00:00,https://chi.streetsblog.org/2025/06/23/hit-and-run-driver-fatally-struck-gay-mens-chorus-of-chicago-member-brendan-siddall-near-waveland-dlsd-in-lakeview,"Hit-and-run driver fatally struck Chicago Gay Men's Chorus member Brendan Siddall, 26, near Waveland/DLSD in Lakeview",Chicago Streetsblog,"A hit-and-run car driver struck and killed social service worker, musician, and actor Brendan Siddall, 26, early Saturday morning on North DuSable Lake Shore Drive near Waveland Avenue in Lakeview. Siddell was a member of the Chicago Gay Men's Chorus.",
cbf13a0bf23c0263e5b1853ce43350213ff38b0d46ea9b765eab5b626660402fb897102aec124e1c351b402a65449f31d0a29b9e79601f3586ce6999db6d3c6f,2025-06-24T13:32:00+00:00,https://blockclubchicago.org/2025/06/24/lgbtq-community-grieves-after-fatal-hit-and-run-of-chicago-chorus-performer-in-lakeview/,LGBTQ+ Community Grieves After Fatal Hit-And-Run Of Chicago Chorus Performer In Lakeview,Block Club Chicago,"Brendan ​​Siddall, 26, a leader with the Chicago Gay Men's Chorus, died after being hit by a car Saturday while walking across DuSable Lake Shore Drive, police said.",
79d9513dae3e51e871b81e022884cda08f3be8907568ca6e38d2f9aebcaddb8caa373416e7227ee0ed84099fcac420741c2026014e16d661fb60bf987ac81ee0,2025-07-04T13:50:43.355Z,https://chicago.suntimes.com/crime/2025/07/04/man-dies-after-running-red-light-crashing-into-vehicle-in-dunning,"Man dies after running red light, crashing into vehicle in Dunning",Chicago Sun-Times,The man was driving westbound on West Belmont near the 3200 block of North Cumberland early Friday morning when he drove through a red light and hit an SUV driving north on Cumberland.,
5fbc6ac75885edbcd6b7b6e8b3a0d939c79f8df764d1c8534489d1ba79ce90e9719c8485a932dee51bf23aabcfee54e2c026bfdddf54e51a7ef7d6bf5ca88ab1,2025-07-06T12:12:00Z,https://abc7chicago.com/post/woman-37-killed-nw-side-hitting-suv-semi-truck-chicago-police-say/16983964/,"Woman, 37, killed on NW Side after hitting SUV, semi-truck",ABC 7 Chicago,"A woman was killed on the city's Northwest Side in a crash involving a semi-truck, Chicago police said.",
bfb8e6ba240c9e10664c935cd46a1664bb2e19b257bad29b0719b03f5f98ef75ca4d3117debfcd9c5832c1be5c78a1eaa354aa90472b81f8adce804cbf4250ef,2025-07-08T20:22:28Z,https://abc7chicago.com/post/chicago-crash-today-man-killed-child-among-4-others-injured-9800-block-king-drive-rosemoor-police-say/17022305/,"Person killed, child among 4 others injured in Rosemoor crash, police say",ABC 7 Chicago,"A male died after a mult-vehicle crash on the city's South Side on Tuesday, Chicago police said.",
f5472673186b3adab6005646e05a3a10103b5d8dca47b18ebc406acd913acb1a2146edc388e6b27545930ae2c861610d097bacf6fc8be938f622070b8fd8e3c8,2025-07-14T20:20:58Z,https://abc7chicago.com/post/shaheed-muhammed-dies-days-englewood-chicago-hit-run-crash-halsted-street-cook-county-medical-examiner/17119736/,56-year-old man dies days after South Side hit-and-run crash: medical examiner,ABC 7 Chicago,"A 56-year-old pedestrian, Shaheed Muhammed, died after being seriously injured in a hit-and-run in the Englewood neighborhood earlier this month, the Cook County Medical Examiner's Office said.",
4ce07e814ccb514a6193366bfbdec92ff57cefc8483eac89747c250cc83556868ba0f4c4f3cfc6d356025ff4d0fe7e92c6540166bf3cdc4e97e3e3b2b648d35f,2025-07-14T23:59:49.350Z,https://chicago.suntimes.com/crime/2025/07/14/woman-in-custody-after-hitting-killing-pedestrian-in-south-loop-police,Woman walking to Sunday Mass killed by driver charged with DUI: 'It's not fair',Chicago Sun-Times,A motorist is facing DUI charges after 69-year-old Rosa M. Hernandez was hit while crossing the street to attend St. Francis of Assisi Catholic Church on the Near West Side.,
4ce07e814ccb514a6193366bfbdec92ff57cefc8483eac89747c250cc83556868ba0f4c4f3cfc6d356025ff4d0fe7e92c6540166bf3cdc4e97e3e3b2b648d35f,2025-07-18T02:27:30+00:00,https://chi.streetsblog.org/2025/07/17/driver-killed-shaheen-muhammad-56-on-bike-at-63rd-halsted-fled-driver-killed-rosa-hernandez-69-at-roosevelt-halsted-in-alleged-dui,"Driver fatally struck Shaheed Muhammed, 56, on bike at 63rd/Halsted, fled. Driver killed Rosa Hernandez, 69, at Roosevelt/Halsted in alleged DUI.",Chicago Streetsblog,"According to the initial police statement, on Sunday, July 13, a 36-year-old woman was driving a Mazda SUV east on Roosevelt when she fatally struck Rosa Hernandez, who was walking in the street. The motorist was arrested and charges were pending.",
f5472673186b3adab6005646e05a3a10103b5d8dca47b18ebc406acd913acb1a2146edc388e6b27545930ae2c861610d097bacf6fc8be938f622070b8fd8e3c8,2025-07-18T02:27:30+00:00,https://chi.streetsblog.org/2025/07/17/driver-killed-shaheen-muhammad-56-on-bike-at-63rd-halsted-fled-driver-killed-rosa-hernandez-69-at-roosevelt-halsted-in-alleged-dui,"Driver fatally struck Shaheed Muhammed, 56, on bike at 63rd/Halsted, fled. Driver killed Rosa Hernandez, 69, at Roosevelt/Halsted in alleged DUI.",Chicago Streetsblog,"On Saturday, July 5, a hit-and-run Audi driver hit Shaheed Muhammed, 56, on his bicycle at 63rd and Halsted streets in Englewood. The victim died from his injuries on Thursday, July 10.",
67b8fcd733a0d172190e46e69d0cf71b1a05d2532fdf2cd433ce43a6d7e35e9385ba8df3b7b51615f15609a90315cea34804d51b59d73a87d1f95e4efd3ee685,2025-07-25T21:18:41+00:00,https://chi.streetsblog.org/2025/07/25/hit-and-run-driver-fatally-struck-marcela-herrera-22-and-seriously-injured-her-fiance-saturday-at-cullerton-ashland-in-pilsen,"Hit-and-run driver fatally struck Marcela Herrera, 22, and seriously injured her fiancé, Saturday at Cullerton/Ashland in Pilsen",Chicago Streetsblog,"Herrera and Leyva were crossing Ashland (1600 W.) at Cullerton (2000 S.) when an unidentified driver in a silver vehicle struck them in the crosswalk. Herrera was taken to Stroger Hospital, where she was pronounced dead.",
951539184b3fce4aa6f22a67251799a4cc80db2fc3529e7a61df0e2191200bd401dc370b823d991412edf6cb52363cd82496b6f3d7a2fa773bda6b57bb475e0d,2025-07-26T19:44:36-05:00,https://www.nbcchicago.com/news/local/man-struck-and-killed-in-austin-hit-and-run-chicago-police/3798624/,Man struck and killed in Austin hit-and-run: Chicago police,NBC 5 Chicago,"Patrick K. Beck, 35, was struck by a black sedan at approximately 2:30 a.m. along South Cicero Avenue near Roosevelt Road, police and the Cook County Medical Examiner's Office said.",
29238f9447d97940020336efda1c45e466421beaba3672b49821f7f8355274231e037ae87ab8c8ee1369a3c667978f44f8229c8844fa9e006b6ec518194c2144,2025-07-27T13:55:30Z,https://abc7chicago.com/post/chicago-crash-man-killed-5-others-injured-east-garfield-park-lake-street-harding-avenue-police-say/17320860/,"Man killed, 5 others injured in East Garfield Park crash, police say",ABC 7 Chicago,"A 22-year-old is dead after police said someone ignored a traffic signal and crashed into a car, Chicago police said.",
8bcb93aa08017c4c26b77dbce1888b21d0d6a2eead22328f3a7e8a45a3d8c8b5becc9c1e8132600bbfc53cacb1cbb3b3410f4b56fa2099df71e9772ffd1350cb,2025-08-01T01:32:02Z,https://abc7chicago.com/post/chicago-crash-pedestrian-struck-killed-vehicle-south-morgan-street-englewood-driver-custody-police-say/17382499/,"Pedestrian struck, killed by vehicle in Englewood, driver in custody, Chicago police say",ABC 7 Chicago,"A female pedestrian was struck and killed by a vehicle on the city's South Side Thursday evening, Chicago police said.",
37dfa3130c2dfec7f0479b2dd1c370e84a1d272f360ebd0e09a8de00378994907509e5ac4af04b05c929f858b5aac4e6a977d0561ea5566a56acbd27f6c38340,2025-08-03,https://www.fox32chicago.com/news/motorcycle-deadly-hit-and-run,"Chicago crash: Motorcyclist, 54, killed in hit-and-run on South Side, police say",FOX 32 Chicago,A 54-year-old motorcyclist was killed in a hit-and-run crash on the city’s South Side around midnight on Sunday.,
a3acf9c83361b3b687a0c48af8084e52f2aa02048d790504cfccba7b6273e615ee795302f5179d75aefb829216bce7bc71f209e5aa5a6ab09955c7d09e6e0fe0,2025-08-04T13:36:00+00:00,https://blockclubchicago.org/2025/08/04/young-cyclist-killed-in-memorial-day-crash-also-lost-his-parents-to-a-car-wreck-family-says/,"Young Cyclist Killed In Memorial Day Crash Also Lost His Parents To A Car Wreck, Family Says",Block Club Chicago,"Yader “Yak” Castaneda, 18, was struck and killed by a Hummer driver speeding down Michigan Avenue. His relatives and community advocates called for safer streets at a vigil.",
a6d8677889dbd2502e0165828295f4cbbe1c064f8a6dc3a16298317757bfa0060be875453213ee86c0bc70a1207ea8b571b430702aa81e57a6a442aef2c04e39,2025-08-08T01:59:35.226Z,https://chicago.suntimes.com/crime/2025/08/07/markell-reeves-woodlawn-south-shore-fatal-crash-damica-nickerson,Man charged in deadly 2024 Woodlawn crash,Chicago Sun-Times,"Markell Reeves, 40, was allegedly on his way with another driver to make a police report for an earlier crash when he rear-ended her several times and collided with a third driver who died at the scene.",
280fd4f315cd9f709de7563ef25748b9eb3336985d6df4f33fa4b4e894f256700c18715ea96ebba450efe9cd2893be5e9f61e5cfa7673a52e2d0e0b95d4795b3,2025-08-08T17:48:43Z,https://abc7chicago.com/post/chicago-hit-run-crash-kills-pedestrian-west-estes-avenue-rogers-park-cpd/17473560/,"Man hit, killed in Rogers Park; Chicago police searching for SUV involved",ABC 7 Chicago,"An SUV hit and killed a pedestrian before driving away Wednesday night on Chicago's North Side, Chicago police said Friday in a crime alert.",
8e4208398f39f1c287e1c0cdbcea94b43d1782e7843eddf3ff29c9a3ef84ade2707c621dfa8cd3342560095a45b48c85c3f943bc83397b366508973530b4dc38,2025-08-10T19:02:37-05:00,https://www.nbcchicago.com/news/local/photos-released-of-vehicle-in-deadly-gage-park-hit-and-run/3807599/,Photos released of vehicle in deadly Gage Park hit-and-run,NBC 5 Chicago,Authorities on Sunday released images of a vehicle wanted in connection with a deadly hit-and-run in Chicago's Gage Park neighborhood that killed 22-year-old Jermaine Martin.,
301fb5921109fa3cebdc9c3994081f22070a161c7bae29492c93460585902d9ad955f574172596ad95c46d1058100984b9ca891f63eae5f138ab9300bc7bc8d3,2025-08-15,https://www.chicagopolice.org/wp-content/uploads/15-Aug-25-Community-Alert-Major-Accidents-6th-District-UPDATE-Fatal-Hit-Run-_300-block-of-W.-76th-St.-JJ359901.pdf,Chicago Police Alert #608-25-014 asking the public for info on hit-and-run in the Greater Grand Crossing neighborhood,chicagopolice.org,"Offending vehicle description: Dark colored SUV, unknown make/model and unknown plate
",
301fb5921109fa3cebdc9c3994081f22070a161c7bae29492c93460585902d9ad955f574172596ad95c46d1058100984b9ca891f63eae5f138ab9300bc7bc8d3,2025-08-16T17:17:24-0500,https://www.cbsnews.com/chicago/news/driver-sought-hit-and-run-crash-pedestrian-dead-auburn-park/,Driver sought in hit-and-run crash that left pedestrian dead in Auburn Park neighborhood,CBS News,Police said the hit-and-run driver struck and killed a 31-year-old pedestrian in Auburn Park during the early morning of Aug. 3.,
ed498b1bbafb39155e9c192ab422aa107d134cc7115ec98ee08ca71a96429a303bf42cf376699e64cc62f36d0d3a14301a58d8a98c4c0bd561977b008ba12451,2025-08-23T21:41:39-05:00,https://www.nbcchicago.com/news/local/2-young-girls-woman-in-critical-condition-after-fiery-car-crash-into-tree/3814106/,"2 young girls, woman in critical condition after fiery car crash into tree",NBC 5 Chicago,Two young girls and a woman were left critically injured after a fiery crash on Chicago's West Side early Saturday morning.,
4a2e9b6741877e95522f2c05dac37aaea7dcac46a5fd5286d1f036b5ae79f20ccc5f259a1292316ea701519373c0bcc5e74e6d5f6d3de46c34497a6fd13e47d3,2025-08-28T15:39:00Z,https://abc7chicago.com/post/chicago-crime-83-year-old-hurt-hit-run-crash-3300-block-dr-martin-luther-king-jr-drive-police-say/17673542/,"83-year-old seriously hurt in hit-and-run crash in Douglas, Chicago police say",ABC 7 Chicago,Chicago police are searching for the driver responsible of a hit-and-run crash that injured an 83-year-old man.,
ed6375764d678e5f46e72e233466ed7f5df210ff88d2c951454d968b2f46022e2bc8b1b7b62b5f7b480c4550450d0bab34d24f46bc884f9065301de7a1b8ad0e,2025-09-11T12:12:36-05:00,https://www.nbcchicago.com/news/local/louis-vuitton-store-smash-and-grab-leads-to-major-michigan-ave-crash-innocent-bystander-killed/3822798/,"Louis Vuitton store smash-and-grab leads to major Mag Mile rollover crash, innocent bystander killed",NBC 5 Chicago,"The crash stemmed from a smash-and-grab at the Louis Vuitton store in the Gold Coast, with at least nine suspects fleeing the scene in different getaway cars.",
a2e6bd83921b7b1d8ded973866ab88eb3ba55596b9ca580e54637436aaa89f2b0cb447ccf4374a3db77d2ad3243a88572a3ba4bf4237aebb0db8dfd173f1200e,2025-09-13T11:40:03Z,https://abc7chicago.com/post/leon-jordan-dies-car-crash-south-sacramento-boulevard-west-arthington-street-lawndale-chicago-police-department-says/17807859/,"Man dies in Lawndale crash, police say",ABC 7 Chicago,"Leon Jordan died in a West Side crash on Friday afternoon, Chicago police said. Police said a 42-year-old woman was driving a Chevrolet sedan southbound on Sacramento Boulevard when she hit Jordan's Nissan SUV.",
ed6375764d678e5f46e72e233466ed7f5df210ff88d2c951454d968b2f46022e2bc8b1b7b62b5f7b480c4550450d0bab34d24f46bc884f9065301de7a1b8ad0e,2025-09-14T18:20:51+00:00,https://blockclubchicago.org/2025/09/14/murder-charges-filed-after-smash-and-grab-at-mag-miles-louis-vuitton-store-ends-in-deadly-car-crash/,Murder Charges Filed After Smash-And-Grab At Mag Mile's Louis Vuitton Store Ends In Deadly Car Crash,Block Club Chicago,"Mark Arceta, 40, was killed while on his way to work after burglars fleeing the Michigan Avenue store hit his car, authorities said.",
1951779d1cd17563f473987714b764e7a3edd0b605af209c4b3c1929162ec2405e000cd40566aa89904fa4d8a09abe91d194c618c7387ce788c9cbc0b4f91180,2025-09-17T11:14:28.428Z,https://chicago.suntimes.com/crime/2025/09/17/man-killed-in-crash-on-dusable-lake-shore-drive-on-north-side,Man killed in crash on DuSable Lake Shore Drive on North Side,Chicago Sun-Times,"The driver of a gray SUV, a 53-year-old man, was taken to the Illinois Masonic Medical Center where he was pronounced dead, police said. Police said he was driving northbound when he then drove into oncoming traffic, hitting a black SUV, whose driver was also taken to Illinois Masonic and was in good condition.",
b476c9bc04573f8fd51c89f22b34f34c97523058487162416b7eaaed852abca9d79801bfc723a2eb10a8ec81b11463646f07062915d20abd3d2e955df374ecb6,2025-09-20T11:42:00Z,https://abc7chicago.com/post/driver-custody-deadly-car-crash-2600-block-west-warren-boulevard-side-chicago-police-department/17854354/,"Driver in custody after deadly crash on Near West Side, police say",ABC 7 Chicago,"A 42-year-old man driving a black Dodge SUV rear-ended a Grey Hyundai sedan, which was stopped at a traffic signal, police said. Police said the sedan's driver, a 30-year-old man, was taken to Mount Sinai Hospital, where he was pronounced dead. The SUV's driver was taken into custody, and charges are pending, police said.",
0c39e2b2a59e4619dcb37d04300e3748a478079df5b58d380fba8397854e194e30dcbdc50868421377b56c309c4fb4e68f8388a137df4fd99921def4f27e611f,2025-09-21,https://www.caseyandriosfh.com/obituaries/Anakin-Cesar-Perez?obId=45472664,Obituary information for Anakin Cesar Perez,Casey & Rios Funeral Home,"June 13, 2016 - September 18, 2025",
0c39e2b2a59e4619dcb37d04300e3748a478079df5b58d380fba8397854e194e30dcbdc50868421377b56c309c4fb4e68f8388a137df4fd99921def4f27e611f,2025-09-22T22:13:31+00:00,https://chi.streetsblog.org/2025/09/22/a-driver-struck-and-killed-anakin-perez-9-in-the-street-in-front-of-his-chicago-school-how-do-we-make-sure-that-never-happens-again,"A driver struck and killed Anakin Perez, 9, in the street in front of his Chicago school. How do we make sure that never happens again?",Chicago Streetsblog,"In the aftermath of Anakin Perez’s traffic death last week, writer Molly Brown visited the street in front of McNair Elementary, where he spent his final moments alive. Brown: ""When you’re standing on Walton St next to McNair, it’s hard to believe a pedestrian could be killed here. It’s a one-way residential street with a single traffic lane and parked cars along both sides...Why is a kid who tried to cross a small street in front of his school gone forever?""
",
4a2e9b6741877e95522f2c05dac37aaea7dcac46a5fd5286d1f036b5ae79f20ccc5f259a1292316ea701519373c0bcc5e74e6d5f6d3de46c34497a6fd13e47d3,2025-09-26,https://www.fox32chicago.com/news/reward-douglas-hit-run-killed-84-year-old-man,Reward offered in Douglas hit-and-run that killed 84-year-old man,FOX 32 Chicago,"A $1,000 reward is being offered for information leading to the arrest of the driver who fatally struck 84-year-old Melton Smith in Chicago’s Douglas neighborhood in July.",
44a26c774727d01f94144d43c6a2dd855883bb13b7858fa886e9eadb1226aacbc880476d7e708071149918f0d6c329ed035c3610ab07389571d6b010838d6bc8,2025-09-28T13:03:30Z,https://abc7chicago.com/post/driver-crashes-parked-chicago-police-squad-car-76th-street-cottage-grove-avenue-south-side-sunday/17898077/,Driver crashes into parked Chicago police squad car on South Side,ABC 7 Chicago,An officer was unharmed after the driver of a Jeep allegedly crashed into a parked CPD squad car on the South Side,
ab251339055f7135b754e586539c15ff367f91e4d2b63bd49a390b6c3350cea92227287fa8798f79d567811fbcad3d7167f2a7d2063a2732ddcc98a97c4c844a,2025-10-02T11:51:55.196Z,https://chicago.suntimes.com/crime/2025/10/01/child-hit-van-west-ridge,4-year-old girl dies after being hit by van in West Ridge,Chicago Sun-Times,"Juslene Akeza was crossing the street North Talman Avenue when a 72-year-old driver going north hit her, police said. The driver was cited for failure to reduce speed to avoid an accident and failure to enact due care to avoid a pedestrian, police said",
a2e15b30959aa82f3ac04af0907df472bce3d4f6dc6d707083cb6c0d19273914f6393c20a6de797904afe5d55a2a397063f578224cabff1576fbfeee99712c4f,2025-10-15T00:39:19+00:00,https://blockclubchicago.org/2025/10/14/federal-agents-cause-crash-tear-gas-protesters-on-southeast-side-street/,"Federal Agents Cause Crash, Tear Gas Protesters On Southeast Side Street",Block Club Chicago,"In one incident Tuesday morning, of which video footage was obtained by the Sun-Times, the driver of a large white SUV occupied by agents with U.S. Customs and Border Protection appears to deliberately hit a smaller red SUV. Following the crash, one man was taken to Advocate Trinity Hospital in Calumet Heights for treatment.",
4313d90cf8e7b21433798d173f17233965dcda49ff65cd91b9f3b5671feadbb50ca4830e6f02653d2dd8b2b688d70780cf49da099872ff08d7dfd3801fc049ed,2025-10-15T15:10:00Z,https://abc7chicago.com/post/chicago-crime-man-found-dead-inside-suv-crash-east-garfield-park-police-say-vehicle-reported-stolen-brighton/18012089/,"Man killed in crash minutes after SUV reported stolen in carjacking on West Side, police say",ABC 7 Chicago,Chicago police said a vehicle was stolen in a carjacking minutes before a deadly crash on Tuesday.,
62fc8379c6107168df4423dbd2021a7894966cf20ca55614ad58295477dff7430fc353ec9f707a1a006362886909f21cec8ec31d1a26a15d82b863107b7a8fa6,2025-10-18T11:13:00Z,https://abc7chicago.com/post/chicago-police-investigating-serious-car-crash-west-75th-street-south-vincennes-avenue-greater-grand-crossing/18031634/,"2 killed, 15-year-old girl among 3 injured in Greater Grand Crossing crash: police",ABC 7 Chicago,"A 37-year-old woman was driving a grey Buick sedan westbound when she tried to turn southbound and failed to yield at the intersection, police said. The Buick then struck a black Dodge vehicle, which was traveling eastbound. An unoccupied, parked grey Mercedes sedan was also hit as a result of the crash.",
c119e39c7ba3eb1ec95da2d2e6729e82c0e833955ade5900e3fece86875701741ff71a6333289fff642c54033a6d34e7ed837fbb1cc5faef3d3c528b2d1e95a6,2025-10-19T10:56:00Z,https://abc7chicago.com/post/chicago-crime-woman-killed-hit-run-crash-ashland-avenue-66th-street-west-englewood-police-say-sunday/18037579/,"Woman killed in hit-and-run crash in West Englewood, Chicago police say",ABC 7 Chicago,"A woman was killed in hit-and-run crash in West Englewood on Sunday, Chicago police said.",
c119e39c7ba3eb1ec95da2d2e6729e82c0e833955ade5900e3fece86875701741ff71a6333289fff642c54033a6d34e7ed837fbb1cc5faef3d3c528b2d1e95a6,2025-10-21T18:27:16+00:00,https://chi.streetsblog.org/2025/10/21/speeding-hit-and-run-sedan-driver-killed-female-pedestrian-sunday-in-16th-ward-where-ald-coleman-has-opposed-lowering-the-speed-limit,"Speeding hit-and-run sedan driver killed female pedestrian Sunday in 16th Ward, where Ald. Coleman has opposed lowering the speed limit",Chicago Streetsblog,"Police said the driver of a grey Nissan Maxima had been speeding north on Ashland when they struck the the female adult victim, and then fled the scene.",
17426f3649036d76bf4b0d79508db5e424dfd4463ed7548b02e79ba8fe99b1bcc2ca5b6a4067a936a1827c7e6f18cae9eb0e39a6072cb9a36add4e73be3a2cbc,2025-10-27T09:24:00Z,https://abc7chicago.com/post/1-killed-3-hospitalized-dusable-lake-shore-drive-rollover-crash-south-side-chicago-police-say/18076089/,"1 killed, 3 hospitalized in DuSable Lake Shore Drive rollover crash on South Side, police say",ABC 7 Chicago,"A 36-year-old woman has died after the vehicle she was driving hit the median and flipped on DuSable Lake Shore Drive in Bronzeville Sunday night, Chicago police said.",
0c39e2b2a59e4619dcb37d04300e3748a478079df5b58d380fba8397854e194e30dcbdc50868421377b56c309c4fb4e68f8388a137df4fd99921def4f27e611f,2025-10-29T12:45:00+00:00,https://blockclubchicago.org/2025/10/29/family-of-west-side-boy-9-killed-by-driver-outside-his-school-demand-criminal-charges-in-case/,"Family Of West Side Boy, 9, Killed By Driver Outside His School Demand Criminal Charges In Case",Block Club Chicago,"A driver fatally struck fourth-grader Anakin Perez while he crossed the street in front of his Austin school. The driver, who initially fled the scene, was only given a traffic citation.",
d77de0e57575c44504a8cd756a696d442defc17edb86ff4b39e04e5f1f7ef255fc8e0199b49474919c21906d51b31be312f3a43cf850126a79028dbd7ac41eff,2025-11-05T23:42:31.779Z,https://chicago.suntimes.com/crime/2025/11/05/rapper-tray-savage-demitri-jackson,Man pleads guilty in murder of Chicago rapper 'Tray Savage',Chicago Sun-Times,"Demitri Jackson, 25, was sentenced to 29 years in prison as part of the plea Tuesday, according to court documents. He was taken into custody the same day.",
73daa06ca78440ebfe97bbcd0b7da799078e7ae86677352aa1b806267f943cd209f31efa217e32de6b29111716ba0f037910c2a70978bb34822d2ad9be45bf1c,2025-11-07T23:07:00Z,https://abc7chicago.com/post/chicago-doctor-avid-cyclist-ray-lee-coma-hit-run-crash-damen-van-buren-illinois-medical-district-wife/18127018/,"Chicago doctor and avid cyclist in coma after hit-and-run near Illinois Medical District, wife says",ABC 7 Chicago,A Chicago doctor who is typically helping others after serious accidents now depends on others after a driver hit him while he was biking and left the scene.,
f379e7ecdf3a6b4b63b2a132974c50812ed0c5690e6e1fd8478cca1d5ef8692cb047b13226b1dbe515e28e5309e968b224ddbb7f2a0a4e7c9b6569ac7ddea677,2025-11-11T13:41:00+00:00,https://blockclubchicago.org/2025/11/11/stop-sign-installed-at-dangerous-northwest-side-intersection-after-years-of-complaints/,Stop Sign Installed At Dangerous Northwest Side Intersection After Years Of Complaints,Block Club Chicago,Neighbors pushed for a stop sign at Belmont and Karlov avenues after seeing many car crashes and pedestrians hit in the crosswalk.,
082d24f836a11bad50f2f97de7521ee970821b9cc2041fb76f3b9d1279178913fbe95611f7cb0f05a4fcbf43fd857aa69c97170c1234893076bd20c7725938ca,2025-11-21T14:50:00+00:00,https://blockclubchicago.org/2025/11/21/driver-hits-pedestrian-leaving-her-critically-injured-in-lakeview-and-her-family-searching-for-answers/,"Driver Hits Pedestrian, Leaving Her Critically Injured In Lakeview — And Her Family Searching For Answers",Block Club Chicago,"Cindy Castellanos, 23, was struck near the 3600 block of North Lake Shore Drive, the same stretch where another pedestrian was killed this summer. Her family is urging neighbors to share video footage as police investigate.",
439319fd449a0cb8b6af68f711c6355157e7fd1a877afcb97105ed36ba72a9dd32a0af7945f0cf5c9becb46029d19f5e3ffd4fa9208a9654e39dc00fc7445371,2025-11-24T03:49:49+00:00,https://chi.streetsblog.org/2025/11/23/cpd-hit-and-run-van-driver-fatally-struck-man-45-near-shopping-plaza-morgan-park,"CPD: Hit-and-run van driver fatally struck man, 45, near Morgan Park shopping plaza",Chicago Streetsblog,"According to police, a motorist was driving a van and struck the victim on Marshfield Avenue near 117th and continued south.",
439319fd449a0cb8b6af68f711c6355157e7fd1a877afcb97105ed36ba72a9dd32a0af7945f0cf5c9becb46029d19f5e3ffd4fa9208a9654e39dc00fc7445371,2025-11-26T11:17:55Z,https://abc7chicago.com/post/pedestrian-killed-morgan-park-chicago-hit-run-crash-shopping-plaza-117th-marshfield-police-department/18212167/,Chicago police release image of van suspected deadly hit-and-run in Morgan Park,ABC 7 Chicago,"Police said the driver had a disagreement with the victim and when the victim went back to his car, the driver pulled forward and hit them. Police said it is believed the van was immediately brought to a shop for repair.",
cb07b39f39e9b6e2eebde579308432678981682661521af0a6a917d797d0364fbc8c0921e101bfb8031f873e0562dd48a1789f4cf3745c4f1ec9b9cebd164406,2025-12-05T15:43:00Z,https://abc7chicago.com/post/chicago-crash-woman-struck-killed-cta-bus-south-shore-identified-tracy-frasure/18253954/,"Woman struck, killed by CTA bus in South Shore identified",ABC 7 Chicago,Authorities identified the woman struck and killed by a CTA bus in the South Shore neighborhood as Tracy Frasure.,
082d24f836a11bad50f2f97de7521ee970821b9cc2041fb76f3b9d1279178913fbe95611f7cb0f05a4fcbf43fd857aa69c97170c1234893076bd20c7725938ca,2025-12-10,https://wgntv.com/news/chicago-news/lakeview-residents-raising-concerns-after-third-crash-at-crosswalk/,Lakeview residents raising concerns after third crash at crosswalk,WGN-TV,"Castellanos spent week in the ICU at Advocate Masonic Medical Center with broken ribs, severely damaged legs and a fractured pelvis and a traumatic brain injury. Chicago Police say an SUV struck Castellanos November 6 as she crossed the 3600 block of Inner Lake Shore Drive.
",
fb1c8eefaf9fae418325a6461b1bf13943794f8aa63ae9e1b9642f1e7e2886dfe529d6198fabf83d803f51dadf2230b6dd0615a2395f0deaa9160985989427a8,2025-12-12T06:41:34-0600,https://www.cbsnews.com/chicago/news/fiery-crash-near-63rd-street-beach/,1 dead after fiery crash near 63rd Street beach,CBS News,A man is dead after a fiery crash near 63rd Street beach on Thursday night.,
8add0a27eb329840afed53f6bb070219abca77cf1858afd1ff6e178e18d2d286ed76317494e7cb7bd556e02947ec422455a011443f19171a3972b5ae20ddb987,2025-12-12T14:03:00Z,https://abc7chicago.com/post/pedestrian-struck-killed-suv-sheridan-road-rogers-park-chicago-police-say/18279324/,"Pedestrian struck, killed by SUV in Rogers Park, Chicago police say",ABC 7 Chicago,"A pedestrian was fatally struck by an SUV on the North Side Friday morning, Chicago police said.",
da873e521bfb4d4beb80a23dc7d13ee097f386a67ece5de3b7f3f0554ae6d87adbac30ec94053b84b8452286c9663e99159c0a72378de44c877b04373941e481,2025-12-12T19:59:15-06:00,https://www.nbcchicago.com/news/local/woman-run-over-in-belmont-cragin-by-driver-of-pickup-truck-with-snowy-windshield/3862444/,Woman run over in Belmont Cragin by driver of pickup truck with snowy windshield,NBC 5 Chicago,A woman was run over by the driver of a pickup truck with snow partially covering his windshield as she crossed the street with the right-of-way.,
8add0a27eb329840afed53f6bb070219abca77cf1858afd1ff6e178e18d2d286ed76317494e7cb7bd556e02947ec422455a011443f19171a3972b5ae20ddb987,2025-12-12T23:42:20+00:00,https://chi.streetsblog.org/2025/12/12/the-latest-pedestrian-death-on-sheridan-road-highlights-the-need-for-a-4-to-3-conversion-street-redesign-to-improve-safety,"Death of pedestrian Sergio Maya, 34, on Sheridan Road highlights the need for a ""4 to 3 conversion"" street redesign to improve safety",Chicago Streetsblog,"According to police, on Friday, December 12, at around 5:50 a.m., Maya was on foot in the 6800 block of North Sheridan, north of Pratt. A man, 27, was driving an SUV northbound when he struck the pedestrian in the street.
",
8add0a27eb329840afed53f6bb070219abca77cf1858afd1ff6e178e18d2d286ed76317494e7cb7bd556e02947ec422455a011443f19171a3972b5ae20ddb987,2025-12-13,https://inclusivefuneralcare.com/obituaries/sergio-godinez,Sergio Alejandro Maya Godinez,Inclusive Funeral Care,"Sergio Maya chased beauty and depth. He sought beauty in his friends and in the world. His life was filled with adventure. He always made plans for the next great adventure including his upcoming move to New York.
",
cb07b39f39e9b6e2eebde579308432678981682661521af0a6a917d797d0364fbc8c0921e101bfb8031f873e0562dd48a1789f4cf3745c4f1ec9b9cebd164406,2025-12-17,https://www.dlperkinsandsons.com/obituary/Tracy-Frasure,Tracy Marie Frasure Obituary,dlperkinsandsons.com,"February 1, 1983 — December 5, 2025",
0c39e2b2a59e4619dcb37d04300e3748a478079df5b58d380fba8397854e194e30dcbdc50868421377b56c309c4fb4e68f8388a137df4fd99921def4f27e611f,2025-12-22,https://www.fox32chicago.com/news/family-chicago-boy-killed-car-want-justice-driver-dui-history-faces-no-charges,"Family of Chicago boy killed by car wants justice, driver with DUI history faces no charges",FOX 32 Chicago,"Fox Chicago’s investigation into the driver’s history revealed more than half a dozen past traffic violations, including driving on an expired license, failing to yield, ignoring stop signs, driving uninsured, and failing to appear in court. Most concerning was an active DUI case involving reckless driving, improper lane changes, and an open container of alcohol in the vehicle.",
de91f23340c0b101651bdb4ddcf5f7721590cda347808ace1f4f40744ce3278b59154ddcac964c7c5d048b929884fde68c88da971744688264b755b07c949f83,2025-12-22T01:55:31+00:00,https://chi.streetsblog.org/2025/12/21/cpd-porsche-driver-dropped-off-dog-to-wanda-mejia-34-in-river-north-and-then-fatally-struck-her,"CPD: Porsche driver dropped off dog to Wanda Mejia, 34, in River North, and then fatally struck Mejia",Chicago Streetsblog,"Tragically, on Friday morning, after a driver dropped off a dog to Wanda Mejia, 35, in the River North neighborhood, the motorist accelerated and struck her as Mejia walked away, causing fatal injuries.",
536579685bc1b545e0507834cf7a7eecbfe263505ca3823842a67f9e726f6301003f4c1f8e9928195c14d5023fc4ea474992a529e52d960d7a71073b20e5ac8e,2025-12-22T16:31:59-0600,https://www.cbsnews.com/chicago/news/driver-sought-fatal-double-hit-and-run-morgan-park/,Chicago police searching for driver in double fatal hit-and-run in Morgan Park,CBS News,"Chicago police Police found the jeep involved in the crash abandoned, with no sign of the driver.",
de91f23340c0b101651bdb4ddcf5f7721590cda347808ace1f4f40744ce3278b59154ddcac964c7c5d048b929884fde68c88da971744688264b755b07c949f83,2025-12-27,https://www.lakeviewfuneralhome.com/obituaries/Wanda-Paola-Mejia-Quintero?obId=46795127,Obituary information for Wanda Paola Mejia Quintero,lakeviewfuneralhome.com,"December 21, 1990  -  December 19, 2025",
174986f13ba2267e8b40721ff679d2f113400f3952a13ad6d342342ef7acfcfe02592ac7d9f39d44adfd5f1b6eabbfa6a34a40dd3cb346a230568ad4b4f768a2,2026-01-01T18:04:49-06:00,https://www.nbcchicago.com/news/local/passenger-dies-after-suv-strikes-pole-in-east-side-neighborhood-driver-sought/3870219/,"Passenger dies after SUV strikes pole in East Side neighborhood, driver sought",NBC 5 Chicago,"Chicago police were searching for the driver who fled after crashing into a pole, killing the passenger, authorities stated.",
326b4e02c8c59d7a6d346c1431a7704686e31566904c25cc10582a5aabe1fd49bbd818abde9fb52113d4d2d8059e80f3e519b8a93df92b739ee2ddecb417a46f,2026-01-07T16:19:40-0600,https://www.cbsnews.com/chicago/news/driver-killed-crash-chicago-calumet-heights-neighborhood/,Driver killed in crash in Chicago's Calumet Heights neighborhood,CBS News,A driver was killed Wednesday morning in a crash on busy Stony Island Avenue in Chicago's Calumet Heights neighborhood.,
195d6f4a651d75108d3a4b5bf3da11a3b3d3da0575694c995c251dfe6436a43e0b9f059a6dbd9e23dc00d3251af6171c7e8b13d50722f234a5212e3ab237c445,2026-01-08T02:54:00Z,https://abc7chicago.com/post/chicago-crime-samantha-bragg-dies-hit-run-west-side-daughter-speaks-cook-crimestoppers-offers-1k-reward/18370122/,"Woman dies after hit-and-run on West Side, daughter speaks out as $1K reward offered",ABC 7 Chicago,Samantha Bragg died after she was critically injured in a hit-and-run crash on the city's West Side last month. Her daughter spoke to ABC7 as a reward is now being offered for information.,
99af4edfdedc0c0a9f9992a25f344ec6be5cdbebb13fb111c9ccdd597e91996d7bd657c20d75984bd34fc0a52f0f34d64843a69b1706ef868cb0d5997512f32e,2026-01-13T10:04:35-0600,https://www.cbsnews.com/chicago/news/city-council-finance-committee-settlement-angel-eduardo-alvarez-montesinos-police-chase-crash/,City lawyers recommend $22 million settlement for family of man killed in crash during Chicago police chase,CBS News,Aldermen will vote this week on a proposed $22 million settlement with the family of a man who was killed in a 2023 car crash as Chicago police were chasing another driver in a stolen vehicle.,
712b11e614a2104a140c4acdd4aea0de04639d6f0b67b861e9ae890e4c4e66c0483b9b5604aaddd049d2c8bd71ed9c3709e3c481fe83cad6ed60ba89b5fccf5c,2026-01-13T22:34:53-0600,https://www.cbsnews.com/chicago/news/erick-garcia-ambriz-charged-dui-reckless-homicide-crash-bronzeville/,"Man charged with reckless homicide, DUI in 2024 crash that killed 2 people outside CPD headquarters",CBS News,Erick Garcia-Ambriz was charged with reckless homicide and driving under the influence in a crash that killed two people outside Chicago Police Headquarters in 2024.,
8c02253e32c4882aaae0e078de28efb0e26262c58b848af6297ba0e5dfa961d57b826c5a5fd3ce621b4906ba02af4fede6adafe8730cfb8c3225627082814426,2026-01-20,https://blockclubchicago.org/2026/01/18/3-killed-7-injured-in-separate-car-crashes-in-chicago-area-sunday-police-say/,"3 Killed, 7 Injured In Separate Car Crashes In Chicago Area Sunday, Police Say",Block Club Chicago,"An 18-year-old man driving a Jeep Cherokee was heading westbound on East Marquette Road when he lost control, Chicago police said. The Jeep struck multiple homes, and the driver suffered “fatal” injuries and was taken to University of Chicago Hospital, where he was pronounced dead, police said in a news alert.",
a10660ff4be36aae2d114714dccfb0469bdd4999476e36845c4fb23ddac8f90a115200ba3ca7d2b1e08fe802824c2f685c7e83dab19e9191433799b1ec4f829c,2026-01-20,https://blockclubchicago.org/2026/01/18/3-killed-7-injured-in-separate-car-crashes-in-chicago-area-sunday-police-say/,"3 Killed, 7 Injured In Separate Car Crashes In Chicago Area Sunday, Police Say",Block Club Chicago,"A car struck a pole before colliding with the median near the 2500 block of South DuSable Lake Shore Drive; a female passenger was critically injured and was taken to University of Chicago Hospital, where she was pronounced dead, police said.
",
234e03df16bc373b41b77e98320c7e282e29057f4fd6860ce049eb07a903df98d30a91f5799cffad44ab3f97809c4576860fd443139ca73f4f5389392218fbcd,2026-01-23T15:36:13+00:00,https://cwbchicago.com/2026/01/driver-gets-probation-for-crash-that-killed-pedestrian-in-west-rogers-park.html,Driver gets probation for crash that killed pedestrian in West Rogers Park,CWBChicago,"A Lincolnwood man who killed pedestrian Michael Valentin in a West Rogers Park crash two years ago will serve no jail time after pleading guilty to reckless homicide by motor vehicle, according to court records.",
7399070ef5527d8c686eaea4558bda445ed606880271bd7cb8b89588817ab4714bf8969a3962715b45e3eba25b9ad085791ea0f58b09bcffde1e2dc3ba3a77bd,2026-02-08T14:10:00Z,https://abc7chicago.com/post/chicago-crash-today-man-killed-involving-cta-bus-heart-blue-island-avenue-police-say/18566386/,"Driver killed in crash involving CTA bus in Heart of Chicago, police say",ABC 7 Chicago,"The CTA bus was at a red light when it was rear-ended by a SUV, whose 32-year-old driver was taken to Stroger Hospital, where he died, police said.",
b81723c7901c69ed924fe44b9cf862018fcef450c042985e40186d7eb5061bc4d9c94e207495c28abc6ca4d210f4486eac93d55ed29eabf25e9f2e513258941d,2026-02-11T04:57:53Z,https://abc7chicago.com/post/hit-run-crash-old-town-chicago-clybourn-avenue-division-street-leaves-woman-scooter-hospitalized-cpd/18583296/,"Woman on scooter injured in Old Town hit-and-run crash, police say",ABC 7 Chicago,"A hit-and-run driver injured a woman on a scooter on Chicago's North Side on Tuesday evening, police said.",
147fbd61c8279fac31ee6b8a7dd65f11214240ed035d4f8ebbdc7d28280a3d3699f86a9d6dae77aa764c58fcd3771d8f972882da085562f023b3df9b722abe57,2026-02-11T15:45:35-0600,https://www.cbsnews.com/chicago/news/finance-committee-rejects-settlement-dominga-flores-gomez-crash-police-chase-stolen-car/,City Council panel rejects $8.25 million settlement in innocent woman's death during crash in high-speed chase of stolen car,CBS News,The City Council Finance Committee voted down a recommendation from city attorneys to pay a $8.25 million settlement in a high-speed police chase that led to the death of an innocent woman in a car crash in the Little Village neighborhood.,
5e2198f3af8e2d53aed58cf5ed9a6dd1cff67bfd13f99f25c5ea49606c1a997dc7dfe4fcd917f40bf0732e5f9ce41347ba3fb8ef7c91d2ea37c4e3408d3678de,2026-02-15T11:47:00Z,https://abc7chicago.com/post/chicago-crash-today-2-killed-fiery-west-loop-jefferson-street-van-buren-police-say/18603515/,"2 killed in fiery West Loop crash, Chicago police say",ABC 7 Chicago,Police found a car on fire after it crashed into a support column of the I-290 Eisenhower Expressway. Two people were found dead in the wreckage,
1ea4805c2279aeea988bc12657e677b798ea61c1921569762ecd979d570aff7cdaa5f16a546a3dcb36393328cd5f9c06d4a9277e3d3317b323cd2195de2b635d,2026-02-17,https://www.chicago.gov/content/dam/city/sites/complete-streets/pdfs/MonthlySummary/2026/Fatal%20Traffic%20Crash%20Monthly%20Summary_January%202026.pdf,CDOT January 2026 Traffic Fatalities Report,Chicago Department of Transportation,"This provisional CDOT January 2026 report is the only reference I've found so far to this Jan. 1 2026 crash on 4990 S. Western Blvd. The ""Crash Circumstance"" is described as:
UNIT 1, DRIVING RECKLESSLY, SIDESWIPED UNIT 2 AND STRUCK A POLE. UNIT 1 DRIVER DIED.
",
195d6f4a651d75108d3a4b5bf3da11a3b3d3da0575694c995c251dfe6436a43e0b9f059a6dbd9e23dc00d3251af6171c7e8b13d50722f234a5212e3ab237c445,2026-02-18,https://obits.postandcourier.com/obituaries/batesville/name/samantha-bragg-obituary?pid=210910009,Samantha Bragg Obituary,obits.postandcourier.com,"May 31, 1981 – December 22, 2025 She enjoyed her outings with her late sister, April Dawn Smith Lovell and her auntie, Peaky (Betty) Harvey didn’t matter what we were doing. She just enjoyed life and laughing. Samantha enjoyed her job in the medical field and spending time with her co-workers. She will be loved and missed forever.
",
18fd5b99059d2d118027be95c5d18b0757aab58466bb45eccbe78d55984c4eca92c9b7871a3b05e53224506e1400d6e733f6f48ace7383cb3d38160f6ca28ecf,2026-02-20T16:50:00Z,https://abc7chicago.com/post/man-killed-another-critically-injured-hit-run-car-crash-elston-kedzie-avondale-chicago-police-say/18625151/,"Man killed, another critically injured in Avondale hit-and-run crash, police say",ABC 7 Chicago,"One man is dead and another is critically injured after a hit-and-run crash on Chicago's Northwest Side early Friday morning, police said.",
fe31f011c191a9068d5a7e44cc8d473e3b03e1df6f230b856b5acbb4ad5a0907eed64dab30e61b3c129ebf4ba95f31bf449a3494dbaded67daed5fb497076f29,2026-02-22T16:58:55+00:00,https://blockclubchicago.org/2026/02/22/2-girls-6-and-15-seriously-injured-in-englewood-hit-and-run-as-police-search-for-driver/,"2 Girls, 6 and 15, Seriously Injured In Englewood Hit-And-Run",Block Club Chicago,"Police released a photo of the SUV suspected in the hit-and-run, which critically injured a 6-year-old girl and left a 15-year-old girl with serious injuries.",
4b24a9896860c47c767f0de7896937c40501bf91e543fd3732de8f5e54a7ef4561a21dcb04c4f03d394db4e548ab741baa258cc66c1351ef9ff504340d6e60dc,2026-02-22T22:51:43+00:00,https://cwbchicago.com/2026/02/8-years-for-hit-and-run-driver-who-killed-road-construction-worker-near-belmont-harbor.html,8 years for hit-and-run driver who killed road construction worker near Belmont Harbor,CWBChicago,A Chicago woman has pleaded guilty to killing a construction worker in a hit-and-run crash on Lake Shore Drive near Belmont Harbor nearly three years ago.,
fc721344b663c9a8aba547f1c457275abbb97d462c0e6fca742ec341c111b111e55cbc776d5d5ae4a8652c8956146b67bbff183a699caa29ac0e27bdb3789e59,2026-02-26T17:44:00Z,https://abc7chicago.com/post/chicago-crash-maria-gonzalez-charged-hit-run-injured-teen-west-68th-street-marquette-park-cpd-says/18654014/,Chicago woman charged in SW Side hit-and-run crash that critically injured teen: police,ABC 7 Chicago,"A 37-year-old woman has been charged after allegedly crashing into a teen on a scooter Wednesday on the city's Southwest Side and leaving the scene, Chicago police said Thursday.",
772423f72c3df7bbcd1162ad43df93b5feb220fa8d390e98310c446b08991fbb890c4adab9858f798c836e3a6298a4022a9f0560200581a0147c5491301ecedd,2026-03-01T16:25:54.804Z,https://chicago.suntimes.com/transportation/2026/03/01/several-injured-multi-car-crash-north-center,Several people injured in multi-car crash in North Center,Chicago Sun-Times,"Three people were in critical condition early Sunday morning after the driver of a black Honda sedan was speeding east on Addison Street and ran a red light, according to Chicago police. The car then struck two other vehicles near the intersection of Western Avenue and Addison Street.",
9fdde50fa1994886407e0a080b850ee59473904170450c2e547103eead31de55e10eaa2a8ca2a54e43268127a57ff153d29a60da51161afeae0483e1aa031a88,2026-03-04T03:52:55Z,https://abc7chicago.com/post/chicago-crash-pedestrian-hit-killed-suv-foster-northwest-side-cpd-says/18674062/,"Pedestrian hit, killed by SUV on Northwest Side: Chicago police",ABC 7 Chicago,"A pedestrian was killed Tuesday night, after a car hit her on Chicago's Northwest Side, Chicago police said.",
99af4edfdedc0c0a9f9992a25f344ec6be5cdbebb13fb111c9ccdd597e91996d7bd657c20d75984bd34fc0a52f0f34d64843a69b1706ef868cb0d5997512f32e,2026-03-09T13:23:31+00:00,https://www.salvilaw.com/press-release/chicago-police-crash-settlement-22m/,City of Chicago to pay $22 million to family of man killed in 2023 Homan Square crash involving CPD,"Salvi, Schostok & Pritchard P.C.",The Chicago City County Council approved a $22 million settlement Wednesday for the family of a 25-year-old man who was killed in a West Side crash stemming from an “unnecessary and extremely dangerous” vehicle pursuit involving the Chicago Police Department.,
3e0785978d02e55af2b935f922c0116d57ff46e66d02776262b9476aa594a17b5f6b69b9a5c53d1bfdb70dbac42a133344d4ece3f609df9082c4ec33b52aac7f,2026-03-14T00:44:00Z,https://abc7chicago.com/post/2-kids-3-others-hurt-tow-truck-cta-bus-crash-1200-block-west-115th-street-pullman-chicago-police-fire-officials/18712106/,"2 children among 5 injured in serious crash involving CTA bus, tow truck in West Pullman: officials",ABC 7 Chicago,"Two children were among at least five people injured in a serious four-vehicle crash on the city's South Side on Friday evening, officials said.",
95fb1aab7817c4afc287934348ca67a3bed7cae850566dc45465c07fdea1ce4f5b36334822bcdbed339bdf148a9926f24a5bc1f82328bd8c0ca29b01c947c37c,2026-03-18T01:12:42+00:00,https://chi.streetsblog.org/2026/03/17/tragically-records-show-drivers-have-fatally-struck-three-more-pedestrians-and-a-bike-rider-on-chicago-streets-this-year-this-year,"Tragically, records show drivers have fatally struck three more pedestrians and a bike rider on Chicago streets this year this year",Chicago Streetsblog,"Streetsblog Chicago cites a police report of a SUV driver striking and killing a 64-year-old man crossing Lafayette Avenue. The driver was not cited
",
d1cfe6d1fb375613eec81eb4034d4bfb8932f261c890d703f92d24625d28e585e5a66da049c72c0acbe01cd21ddc7da688cf40a48bb89e668c52371439b71169,2026-03-18T01:12:42+00:00,https://chi.streetsblog.org/2026/03/17/tragically-records-show-drivers-have-fatally-struck-three-more-pedestrians-and-a-bike-rider-on-chicago-streets-this-year-this-year,"Tragically, records show drivers have fatally struck three more pedestrians and a bike rider on Chicago streets this year this year",Chicago Streetsblog,"Chicago Streetsblog cites News Affairs' report of a truck driver striking a 63-year-old woman in the crosswalk, who was pronounced dead at the hospital. The driver was cited for failure to yield to a pedestrian in a crosswalk.
",
d304cbf33bd655d78e453feece2895e738d7aeb2e3ffbfa7353b968035c127be19d8672682ce09e7ad45bc6fd9ec4576ad543c3fe6d2b592c4ba9c5a7e8bc55e,2026-03-22T09:19:59-0500,https://www.cbsnews.com/chicago/news/1-driver-killed-1-critically-injured-crash-chicago-grand-crossing/,"1 driver killed, 1 critically injured in crash in Chicago's Grand Crossing neighborhood",CBS News,"A SUV was traveling southeast on South Chicago Avenue when its driver ran a red light and hit a sedan that was headed east on 75th Street, police said. The SUV's driver was taken to U of Chicago Medical Center where he died",
53d7880f7bf3b50216dcacd302fbfb51bda9a69cfc4aebeac25b28c230826830d4f83ae13f125a6d564e2433d27d4e3870234d068fbbf45d3b8f0ce6cd2fe53e,2026-03-30T13:00:00+00:00,https://blockclubchicago.org/2026/03/30/hyde-park-student-was-killed-in-1-of-83-hit-and-runs-on-south-shores-main-roads-this-year/,Teen On Scooter Was Killed In 1 Of 83 Hit-And-Runs On South Shore's Main Roads This Year,Block Club Chicago,"Police have been notified about 248 crashes along the neighborhood's main roads since Jan. 1, according to city data. That means one out of every three drivers who crashed fled the scene.",
e7c4eebfc29632ce176917f7dbe59b06483c7f604d014976db358b8ed9d39df2700961d2697d3b03d9dc80a1db3f7668bf525a605df89e85e188ffe8567a3f21,2026-04-06T21:40:19.964Z,https://chicago.suntimes.com/crime/2026/04/06/death-of-very-loved-teen-killed-in-chicago-lawn-hit-and-run-marks-second-bicycle-fatality-of-year,Death of 'very loved' teen in Chicago Lawn hit-and-run marks second bicycle fatality of year,Chicago Sun-Times,His death comes as the city has seen a decline in cyclists killed in crashes. Chicago reported two cyclist deaths in 2025 — a number that has already been matched in 2026 — down on a steady decline from a peak of 11 in 2021.,
e7c4eebfc29632ce176917f7dbe59b06483c7f604d014976db358b8ed9d39df2700961d2697d3b03d9dc80a1db3f7668bf525a605df89e85e188ffe8567a3f21,2026-04-08,https://www.fox32chicago.com/news/video-shows-deadly-hit-and-run-killed-chicago-teen,Video shows deadly hit-and-run that killed Chicago teen,FOX 32 Chicago,"Surveillance video shows a speeding SUV running a red light in Chicago Lawn, fatally striking bicyclist Damian Gomez and causing a crash before the driver fled the scene, as police continue to search for the suspect.",
e7c4eebfc29632ce176917f7dbe59b06483c7f604d014976db358b8ed9d39df2700961d2697d3b03d9dc80a1db3f7668bf525a605df89e85e188ffe8567a3f21,2026-04-08T04:10:35+00:00,https://chi.streetsblog.org/2026/04/07/a-speeding-hit-and-run-suv-driver-ran-a-red-and-fatally-struck-food-delivery-worker-damian-gomez-18-on-his-bicycle-in-chicago-lawn,"A speeding, hit-and-run SUV driver ran a red and fatally struck food delivery worker Damian Gomez, 18, on his bicycle in Chicago Lawn",Chicago Streetsblog,"Southwest Siders rode bikes to the crash site Monday, and there will be a rally for justice there on Wednesday.",
e7c4eebfc29632ce176917f7dbe59b06483c7f604d014976db358b8ed9d39df2700961d2697d3b03d9dc80a1db3f7668bf525a605df89e85e188ffe8567a3f21,2026-04-09T13:41:00+00:00,https://blockclubchicago.org/2026/04/09/as-family-mourns-teen-killed-in-hit-and-run-southwest-siders-sound-alarm-over-reckless-driving/,"As Family Mourns Teen Killed In Hit-And-Run, Southwest Siders Sound Alarm Over Reckless Driving",Block Club Chicago,There were 169 car crashes on the stretch of road where 18-year-old cyclist Damian Gomez was killed Sunday. His family wants justice — and Southwest Side neighbors want safer roads.,
80d27099809ac3ab8883757df86a6bc80323a26e4b69555218895515ff727518f728cfa5b7e48684b9e9f90d16dbf0616c36417a07cac64216533b079ddc84fb,2026-04-10T20:19:00Z,https://abc7chicago.com/post/1k-reward-offered-south-chicago-hit-run-crash-killed-raven-myers-83rd-street-cook-county-crime-stoppers/18867622/,$1K reward offered in South Chicago hit-and-run crash that killed 32-year-old woman,ABC 7 Chicago,A reward is being offered for information in a fatal hit-and-run crash in South Chicago last month.,
350cbff9c3d756eca0fa97b756d5fb3613f72deff40c38b8e3ec5ec590fd02f3bb814accdfff4465549804a21f334d16e274e945b2241ffb4e3f6ae580d150c9,2026-04-12,https://www.fox32chicago.com/news/cpd-crash-garfield-park-4-12,"2 Chicago police officers, 3 others hurt in West Side crash, CPD says",FOX 32 Chicago,"Multiple people, including two Chicago police officers, were injured in a crash involving a CPD squad car on the city’s West Side.",
4a9adced669243b8b530521e846af4e473780acb06f5f746411e74bbadb71679e594f30f7c3c7acfbe6c50208af6287a7bc5a95c9383a5cbb3073ea59e83d310,2026-04-13T04:03:04.692Z,https://chicago.suntimes.com/news/2026/04/12/woman-fatally-struck-by-vehicle-near-united-center,Woman fatally struck by vehicle near United Center,Chicago Sun-Times,"Police said the woman, 43, sustained head trauma and was pronounced dead at Stroger Hospital.",
4a9adced669243b8b530521e846af4e473780acb06f5f746411e74bbadb71679e594f30f7c3c7acfbe6c50208af6287a7bc5a95c9383a5cbb3073ea59e83d310,2026-04-15T21:50:34+00:00,https://chi.streetsblog.org/2026/04/15/girl-17-driving-suv-was-cited-for-failure-to-exercise-due-care-for-a-pedestrian-after-fatally-striking-fentella-wyayy-43-at-ashland-ogden-on-near-west-side,Teenager driving SUV cited for failure to exercise due care for a pedestrian,Chicago Streetsblog,"A 17-year-old girl was cited for failure to exercise due care for a pedestrian after fatally striking Fontella Wyatt, 43, at Ashland/Ogden on Near West Side
",
6b2ae95191562747db01d5106c54928e1be49521f34f1525bc524d8546e1ade059441cedd364477680b2111f9d9191f6951c47b70944fe3dfab309c6fff61820,2026-04-16T12:29:00Z,https://abc7chicago.com/post/chicago-crash-today-car-crashes-city-news-cafe-cicero-avenue-irving-park-road-nw-side-impacting-cta-sb-54/18898010/,"4 arrested after stolen car crashes into cafe amid police chase, CPD says",ABC 7 Chicago,Security video shows the moment a car careened into City News Cafe on Chicago's Northwest Side Thursday morning.,
6b2ae95191562747db01d5106c54928e1be49521f34f1525bc524d8546e1ade059441cedd364477680b2111f9d9191f6951c47b70944fe3dfab309c6fff61820,2026-04-16T15:13:47+00:00,https://blockclubchicago.org/2026/04/16/city-news-cafe-closed-after-driver-fleeing-police-crashes-into-building-owner-says/,"City News Cafe Back Open After Driver Fleeing Police Crashes Into Building, Owner Says",Block Club Chicago,Owner Joe Angelastri said the crash took place Thursday morning before the newsstand had opened for the day.,
326b4e02c8c59d7a6d346c1431a7704686e31566904c25cc10582a5aabe1fd49bbd818abde9fb52113d4d2d8059e80f3e519b8a93df92b739ee2ddecb417a46f,2026-04-17T00:34:00Z,https://abc7chicago.com/post/chicago-crash-family-files-lawsuit-driver-haroon-arrasheed-killed-calumet-heights-stony-island-avenue/18901435/,Family files lawsuit against driver after father killed in Calumet Heights crash,ABC 7 Chicago,"An attorney for the driver named in the lawsuit says the January Chicago car crash was simply a tragic accident, but the family of the man killed says it was the result of sheer recklessness.",
6d136d4c1a55173956e5f688a690f6716de3fe7caab21529a8c895eb37ce2ff15604bef8fa888121237ed468e23f091e211e0be77c3aa4f714a9f1f1c9283018,2026-04-19T11:01:43Z,https://abc7chicago.com/post/chicago-crash-driver-killed-fiery-archer-heights-44th-street-pulaski-road-saturday-police-say/18918811/,"Driver killed in fiery crash in Archer Heights, Chicago police say",ABC 7 Chicago,"A man died in a fiery crash on the city's Southwest Side on Saturday, Chicago police said.",
e55032755aa506df7f1eb61bba646b458d1d3c2ee3f728b674d0c0226d5022191816be4775010fa89b657d849ee470c89c50d0f5f8544ad4275be71c160d3fd6,2026-04-20,https://www.chicagolandcremationoptions.com/obituary/minerva-martinez,"Minerva Martinez Obituary Apr 19, 2026",chicagolandcremationoptions.com,"She is lovingly remembered by her son, Victor Ocampo; her daughter, Lisette Perez; and her cherished granddaughters, Mia Perez and Emily Perez. She will be deeply missed by her family, friends, and all who knew her.",
e55032755aa506df7f1eb61bba646b458d1d3c2ee3f728b674d0c0226d5022191816be4775010fa89b657d849ee470c89c50d0f5f8544ad4275be71c160d3fd6,2026-04-20T09:29:00Z,https://abc7chicago.com/post/woman-65-killed-nw-side-hit-run-central-avenue-chicago-police-say/18924900/,65-year-old woman killed in Belmont Cragin hit-and-run crash ID'd: officials,ABC 7 Chicago,"Minerva Martinez, 65, of Chicago, was killed in a hit-and-run crash in the Belmont Cragin neighborhood Sunday night, Chicago police said.",
e694d84d7e8c64f77dab3f5672be263c673390cc178d7714d24f8b603f43076849c589afdc8aba25098607876e12e0b91d53e16a32b060275ffebdbb73f4e7d1,2026-04-21T15:28:00Z,https://chicago.suntimes.com/crime/2026/04/20/pedestrian-killed-semi-truck-chicago-lawn,Pedestrian killed by semitruck in Chicago Lawn,Chicago Sun-Times,"Autumn P. Perez, 29, was standing near the street in the 6300 block of South Western Avenue when she was struck Monday night. Perez was pronounced dead at the scene.",
53d7880f7bf3b50216dcacd302fbfb51bda9a69cfc4aebeac25b28c230826830d4f83ae13f125a6d564e2433d27d4e3870234d068fbbf45d3b8f0ce6cd2fe53e,2026-04-22T03:31:26Z,https://abc7chicago.com/post/cook-county-crime-stoppers-offers-1k-reward-information-violet-harris-killed-south-shore-chicago-hit-run/18938066/,$1K reward offered for information on South Shore hit-and-run driver who killed teen girl on scooter,ABC 7 Chicago,"Violet Harris, 15, died after being hit by a car near East 77th Street and South Exchange Avenue in the South Shore neighborhood on March 21.",
e55032755aa506df7f1eb61bba646b458d1d3c2ee3f728b674d0c0226d5022191816be4775010fa89b657d849ee470c89c50d0f5f8544ad4275be71c160d3fd6,2026-04-23,https://www.youtube.com/watch?v=WAq1UiFpBcY,De Guerrero a Chicago: La épica vida de Minerva Martínez y su trágica muerte en Belmont Cragin,UNIVISION Chicago,"Minerva Martínez, una mujer de 65 años, perdió la vida trágicamente tras ser arrollada por un vehículo mientras caminaba en el vecindario de Belmont Cragin. ...",
0ecf6cde90f4b077a5893d293c940199b34033555544e998a72e3479cecf923799594a21d0c2b471ecdea2e62ca22ea18967899458b349f5a86c81849a0bfbda,2026-04-28,https://www.zarzyckimanorchapels.com/obituaries/Astrid-Alexandra-Carrillo-Noguera?obId=48243359,Obituary information for Astrid Alexandra Carrillo Noguera,Zarzycki Manor Chapels,"View Astrid Alexandra Carrillo Noguera's obituary, contribute to their memorial, see their funeral service details, and more.",
7152488a2739d0b96f7adbf36f6f0bb098c7b7a27a71a03a14df8bd89dde1b59a8b2d4eeef9c3e2472d867e379b1cc184bc1c933a0623259c2330e069014144a,2026-04-29,https://www.fox32chicago.com/news/chicago-man-charged-2024-crash-killed-18-year-old-police,Chicago man charged in 2024 crash that killed 18-year-old: police,FOX 32 Chicago,"A Chicago man has been charged after the 2024 crash that killed an 18-year-old teen, according to Chicago police.",
0ecf6cde90f4b077a5893d293c940199b34033555544e998a72e3479cecf923799594a21d0c2b471ecdea2e62ca22ea18967899458b349f5a86c81849a0bfbda,2026-05-01T21:18:27.180Z,https://chicago.suntimes.com/news/2026/05/01/loved-ones-launch-fundraiser-for-venezuelan-teenager-killed-in-south-side-scooter-crash,Fundraiser launched for Venezuelan teenager killed in South Side scooter crash,Chicago Sun-Times,"Astrid Alexandra Carrillo Noguera, 17, was riding a scooter April 24 in the 3300 block of South King Drive when she was struck by a Jeep.",
0ecf6cde90f4b077a5893d293c940199b34033555544e998a72e3479cecf923799594a21d0c2b471ecdea2e62ca22ea18967899458b349f5a86c81849a0bfbda,2026-05-03T19:18:10+00:00,https://blockclubchicago.org/2026/05/03/girl-17-fatally-struck-in-douglas-crash-is-3rd-teen-killed-while-riding-bike-or-e-scooter-since-march/,"Girl, 17, Fatally Struck In Douglas Crash Is 3rd Teen Killed While Riding Bike Or E-Scooter Since March",Block Club Chicago,"Astrid Carrillo Noguera, who was set to attend Loyola University, was one of three teens killed in crashes while riding a bike or scooter on the South Side since March 21.",
0ecf6cde90f4b077a5893d293c940199b34033555544e998a72e3479cecf923799594a21d0c2b471ecdea2e62ca22ea18967899458b349f5a86c81849a0bfbda,2026-05-05T05:53:15+00:00,https://chi.streetsblog.org/2026/05/05/tragically-there-have-been-at-least-five-more-fatal-crashes-involving-vulnerable-road-users-on-chicago-streets,"Tragically, drivers have struck and killed at least five more vulnerable road users on Chicago streets in recent weeks",Chicago Streetsblog,"The victims included the third teen killed on a bike or scooter this year on the South Side, and a senior who may have been intentionally run over.",
5f3d1897d387f6deff1a4c0d8a712c0d63e2cfe8996808235c5b865431092abb9fecec0cacdb999f179ae5cbe6db09475e39d2a3881b6ebb8d5b5c0b2a748284,2026-05-05T05:53:15+00:00,https://chi.streetsblog.org/2026/05/05/tragically-there-have-been-at-least-five-more-fatal-crashes-involving-vulnerable-road-users-on-chicago-streets,"Tragically, drivers have struck and killed at least five more vulnerable road users on Chicago streets in recent weeks",Chicago Streetsblog,"The Chicago Department of Transportation recently released its Fatal Monthly Crash Summary for March. It states that the left-turning driver of a large vehicle struck a pedestrian in a crosswalk on Friday, March 13, at around 12:06 p.m. at 3960 W. 26th St. in Little Village. According to Police News Affairs, the motorist was not cited.",
e694d84d7e8c64f77dab3f5672be263c673390cc178d7714d24f8b603f43076849c589afdc8aba25098607876e12e0b91d53e16a32b060275ffebdbb73f4e7d1,2026-05-05T05:53:15+00:00,https://chi.streetsblog.org/2026/05/05/tragically-there-have-been-at-least-five-more-fatal-crashes-involving-vulnerable-road-users-on-chicago-streets,"Tragically, drivers have struck and killed at least five more vulnerable road users on Chicago streets in recent weeks",Chicago Streetsblog,"The victims included the third teen killed on a bike or scooter this year on the South Side, and a senior who may have been intentionally run over.",
fcac5affb38f8babef19dad24549b87e37a5198fbbaac3882a4316b01fa276c8f346946b2f331d4afa5d48a0b9b6bd88eb09fa9aaf4de8b1754489bff854d4db,2026-05-08,https://www.fox32chicago.com/news/driver-dies-high-speed-crash-chicago-light-pole,Driver dies in high-speed crash into Chicago light pole,FOX 32 Chicago,A man was killed after speeding his car into a light pole Thursday night in the Lawndale neighborhood.,
203bf15f36e8ab903a3a0986b6447b659c92495cee4ee0d252da44212f5d360b75e9e457e0e670af23fb8e6e9058ba64615897e055f58b507f0e366d4905a8d7,2026-05-10,https://wgntv.com/news/chicago-news/7-people-suffer-minor-injuries-in-two-car-crash-in-hermosa-late-saturday-night-according-to-chicago-police/,"7 people suffer minor injuries in two-car crash in Hermosa late Saturday night, according to Chicago police",WGN-TV,"Seven people suffered minor injuries in a two-car crash late Saturday night in Hermosa on the city’s Northwest Side, according to police. All were taken to Stroger Hospital and listed in good condition.
",
fa25c83483619a2001bca369d2c0300f41d0c52d3e6f72aaa60e5e2f85e8b7ab733b3b6687fabc23510e8275f0ebdae389c822be6190fc01ef500f7f3fb4e710,2026-05-13T09:42:00Z,https://abc7chicago.com/post/chicago-crime-today-man-killed-hit-run-crash-68th-pulaski-west-lawn-police-searching-orange-honda/19092362/,"Father of 4 killed in hit-and-run while changing tire in West Lawn, family says",ABC 7 Chicago,"Enrique Nieto, a 53-year-old father of four, was changing a flat tire when a northbound orange Honda SUV struck him and fled the scene",
1b3518b4544de6186d6d52f8f2325b51c7656e11049bed795bd9335a9ec948e9a0675332104b9610c032b385c8dd0a257058f1c907c7ecc8c9798985e1877b7b,2026-05-15T15:59:00Z,https://abc7chicago.com/post/bicyclist-critically-injured-marquette-park-hit-run-crash-south-kedzie-avenue-chicago-police/19106519/,Bicyclist critically injured in SW Side hit-and-run crash: CPD,ABC 7 Chicago,"A man riding a bicycle was critically injured in a hit-and-run crash on Chicago's Southwest Side Friday morning, Chicago police said.",
,2026-05-18T14:55:00+00:00,https://elevatedchicago.org/the-state-of-etod-in-chicago-2026/,The State of ETOD in Chicago,elevatedchicago.org,"Read The State of ETOD in Chicago, a new report on five years of progress advancing equitable transit-oriented development, policy change and investment.",
1b3518b4544de6186d6d52f8f2325b51c7656e11049bed795bd9335a9ec948e9a0675332104b9610c032b385c8dd0a257058f1c907c7ecc8c9798985e1877b7b,2026-05-19T02:41:02+00:00,https://chi.streetsblog.org/2026/05/18/hit-and-run-drivers-fatally-struck-two-people-and-critically-injured-a-third-on-chicago-streets-last-week,"Hit-and-run drivers fatally struck two people, and critically injured two others, on Chicago streets last week",Chicago Streetsblog,"In one of the cases, a semi driver struck and critically injured a bike rider, 37, and left the scene, only a block away from from where another hit-and-run driver killed delivery cyclist Damian Gomez, 18, on April 5.",
73daa06ca78440ebfe97bbcd0b7da799078e7ae86677352aa1b806267f943cd209f31efa217e32de6b29111716ba0f037910c2a70978bb34822d2ad9be45bf1c,2026-05-23T01:12:30+00:00,https://chi.streetsblog.org/2026/05/22/the-night-bike-crash-survivor-dr-ray-lees-family-met-up-with-the-ride-of-silence-cpd-called-to-say-it-was-charging-the-reckless-driver-who-changed-his-life,"The night bike crash survivor Dr. Ray Lee's family met up with the Ride of Silence, CPD called to say it was charging the reckless driver who changed his life",Chicago Streetsblog,"Almost seven months after the crash, Dr. Lee is at Rehab Without Walls, receiving inpatient care. “He can walk and talk, but after a really serious brain injury, he’s not the way he was,” Fani Lee told Streetsblog. “It’s hard, especially for the kids.” She said he’s unable to work, and was terminated from his job earlier this month after his six months of paid time off ended.
",
6cb21c37655a4626419583522bbf9384af3ab59c45a729bc0ccb76c6a287d3f37dfe0fb3b749dd42f54d9227bb4a3f416135569a99465371300f6ddf98563599,2026-05-24T11:10:00Z,https://abc7chicago.com/post/chicago-crash-64-year-old-woman-killed-hit-run-grand-crossing-cpd-mclaren-car-seen-scene/19161201/,"Woman killed in hit-and-run crash in Grand Crossing, Chicago police say",ABC 7 Chicago,"A woman died in a hit-and-run crash in the Grand Crossing neighborhood on Sunday, Chicago police said.",
71ea43187ed3b1874615bee70e49be58799be043dbed15afff77afee5f45358b14e3b04c4ecbae16e30f402e55cecf7fc568aa8908a82d1d09f2eba85dab7cd4,2026-05-25T11:36:17-0500,https://www.cbsnews.com/chicago/news/lisa-barber-dies-humboldt-park-hit-and-run/,Woman dies two weeks after hit-and-run crash in Humboldt Park,CBS News,"Lisa Barber, 45, was critically injured by a hit-and-run driver in the Humboldt Park neighborhood earlier this month has died.",
9960ec6815f79327772030df7f06633701153ce854d3afb1cf6bd638639f2e75529e8b5318c572d380a73a943a6ca5557a0e3232342049890993c80f73338bed,2026-05-26T21:34:20+00:00,https://chi.streetsblog.org/2026/05/26/driver-who-fatally-struck-woman-62-near-belmont-kilbourn-cited-for-failure-to-yield,"Driver who fatally struck Illeana Crisanto, 62, near Belmont/Kilbourn, cited for failure to yield",Chicago Streetsblog,"A 35-year-old female Nissan driver struck and killed Illeana Crisanto, 62, on Saturday evening near Belmont and Kilbourn Avenues on the Northwest Side.
",
9960ec6815f79327772030df7f06633701153ce854d3afb1cf6bd638639f2e75529e8b5318c572d380a73a943a6ca5557a0e3232342049890993c80f73338bed,2026-06-03T13:00:00+00:00,https://blockclubchicago.org/2026/06/03/woman-killed-at-busy-nw-side-intersection-where-planned-traffic-light-was-never-installed/,Woman Killed At Busy NW Side Intersection Where Planned Traffic Light Was Never Installed,Block Club Chicago,"A driver struck Illeana Crisanto, a 62-year-old mother of three from Skokie, as she walked near Belmont and Kilbourn avenues, where the city has planned to put in a traffic light for years — but hasn't.",
c459324159d4b841d9641517565d2c55f6483ee2c297641f77bd630ab81295eee3da52cbe91558169eac8aa99f662f161aedde63ff7355f1b8a46d2ee817c8bf,2026-06-04,https://www.fox32chicago.com/news/chicago-boy-hospitalized-struck-suv-woodlawn,CPD: 4-year-old boy hospitalized after being struck by SUV in Woodlawn,FOX 32 Chicago,Chicago police say a 4-year-old boy was struck by an SUV Wednesday night on the city's South Side.,
71ea43187ed3b1874615bee70e49be58799be043dbed15afff77afee5f45358b14e3b04c4ecbae16e30f402e55cecf7fc568aa8908a82d1d09f2eba85dab7cd4,2026-06-04T16:26:43.985Z,https://chicago.suntimes.com/news/2026/06/04/friends-mourn-hairdresser-killed-humboldt-park-hit-run,Friends mourn loss of beloved hairdresser killed in Humboldt Park hit-and-run,Chicago Sun-Times,"“When you spoke with her, you knew she was listening and knew she cared,” said one of Lisa Barber’s close friends. Barber, 45, died May 24, nearly two weeks after she was hit by a car.",
7fd752f6fe521d06d26eb62962aaf8ffe7d6093fd2ad14b068196129fda19d7b10196813d7dab05131f64670e3ce2e55ca2ab32c8fc851ddefbacb63ab8ef025,2026-06-07T19:01:56-0500,https://www.cbsnews.com/chicago/news/woman-dies-motorcycle-crash-near-ohare-airport/,"Woman dies after losing control of motorcycle, crashes into guardrail near O'Hare Airport, CPD says",CBS News,Chicago police said the woman was on a motorcycle and was traveling westbound on Irving Park Road when she lost control and struck a guardrail.,
de9b2a79a715688fa212ea74fda5c0c96044924cfc9987adab7c5edddd5df1eba5414796a7e4bdde714c73960284937fa43729c65db1a91c57605f121721dda6,2026-06-09,https://chi.streetsblog.org/2026/06/09/the-bike-ride-and-die-in-in-memory-of-fallen-complete-streets-planner-riley-oneil-was-a-life-affirming-event,The bike ride and “die-in” in memory of fallen Complete Streets Planner Riley O’Neil was a life-affirming event,Chicago Streetsblog,,
de9b2a79a715688fa212ea74fda5c0c96044924cfc9987adab7c5edddd5df1eba5414796a7e4bdde714c73960284937fa43729c65db1a91c57605f121721dda6,2026-06-11,https://www.dignitymemorial.com/obituaries/chicago-il/riley-oneil-12919754,"Riley O'Neil Obituary - Chicago, IL",dignitymemorial.com,Riley was proud to be an employee at CDOT and dedicated his career to making streets safer for all who called Chicago home.,
de9b2a79a715688fa212ea74fda5c0c96044924cfc9987adab7c5edddd5df1eba5414796a7e4bdde714c73960284937fa43729c65db1a91c57605f121721dda6,2026-06-12,https://nacto.org/latest/honoring-riley-oneil-a-champion-for-chicagos-streets/,Honoring Riley O’Neil: A champion for Chicago’s streets,NACTO,"Riley devoted his career to making bicycling safe and accessible for everyone, most notably by expanding bike parking across Chicago.
",
de9b2a79a715688fa212ea74fda5c0c96044924cfc9987adab7c5edddd5df1eba5414796a7e4bdde714c73960284937fa43729c65db1a91c57605f121721dda6,2026-06-16T04:04:03+00:00,https://chi.streetsblog.org/2026/06/15/riley-oneils-friend-im-grateful-i-knew-him,"Riley O'Neil's friend: ""I'm grateful I knew him""",Chicago Streetsblog,"A personal essay from Brandon Bordenkircher about his friend Riley O'Neil, a CDOT planner who worked on street safety and was killed in a dooring incident.
",
3c82bb6666913da5ca0bc179c6988634309c687ccf8ef7c691007161b9f1dbbf05a862af99fa4993587d116a38a62b6ef034eabe6caba94545acab8dec1e5e8d,2026-06-20T02:11:00Z,https://abc7chicago.com/post/chicago-crash-3-children-among-7-injured-car-south-hamlin-boulevard-west-monroe-street-garfield-park-cfd-says/19335151/,"3 children among 7 injured in car crash in Garfield Park, Chicago fire officials say",ABC 7 Chicago,Three children were among 7 people injured in a car crash Friday evening on the city's West Side. The crash appeared to involve a vehicle crashing into a pole.,
95d9aa2939b79800536aa757bc108b2f95b5bad6db4121092de516a69be55b0e51ff6bf2c07bec98cd9a31f5f13bea315a9ed319ae699cb7d5c3237068bbc8bd,2026-06-24T12:58:19.661Z,https://chicago.suntimes.com/crime/2026/06/24/car-slams-into-suv-killing-its-driver-early-tuesday-in-lake-view,52-year-old SUV driver killed in Lake View traffic crash,Chicago Sun-Times,"A 52-year-old driver was killed in a crash early Tuesday in Lake View when he tried to make a left turn from a parking lot, Chicago police said. Police said the lanes of travel were not clear as the driver proceeded to turn, and a black eastbound car hit his SUV.",
,2026-06-25T18:40:52+00:00,https://activetransportation.org/blog/the-ward-by-ward-effort-to-reduce-walking-biking-crashes/,The ward-by-ward effort to eliminate crashes,Active Transportation Alliance,"Active Transportation Alliance sent out 50 letters—one to each ward—with up-to-date crash data showing how many people were killed or seriously injured while biking, walking, or traveling by car in that ward.",
de9b2a79a715688fa212ea74fda5c0c96044924cfc9987adab7c5edddd5df1eba5414796a7e4bdde714c73960284937fa43729c65db1a91c57605f121721dda6,2026-06-26,https://chicago.suntimes.com/other-views/2026/06/26/chicago-lacks-will-curb-traffic-crashes-kill-cyclists-pedestrians-andrew-mack,"Chicago lacks the will to curb traffic crashes that kill cyclists, pedestrians
",Chicago Sun-Times,"A Chicago Sun-Times op-ed by Andrew Mack in the aftermath of Riley O'Neil's death arguing that ""we don’t need to wait for blood in the streets to act.""
",
e779371d62eb4a97efd48d9b968d4f09e7b248e20fbabd995543b2d586e2d4f0130f58c5b0e1480a203b151b218352d426123b72bc61f7f91bfa3ea514cdb812,2026-06-26,https://chi.streetsblog.org/2026/06/26/a-crash-injured-a-bike-rider-in-north-center-witnesses-including-a-47th-ward-staffer-indicate-suv-driver-should-have-been-cited-for-an-illegal-turn-but-wasnt,"A crash injured a bike rider in North Center. Witnesses – including a 47th Ward staffer – indicate SUV driver should have been cited for an illegal turn, but wasn’t.
",Chicago Streetsblog,"A deep dive by Streetsblog Chicago into the major discrepancies between the official police report and witness statements of a crash that left a cyclist with facial injuries and the driver uncited.
",
2c35543c4e913bf9787ff97bcfa5ae07a77ae508e1b2c0d634056b50fe3989ae0960c1ffc3327bc4cdcdbf748cf82b9f8f4ac9c1bcc3afc6a8e22c8788a1325d,2026-06-29T17:59:00Z,https://chicago.suntimes.com/crime/2026/06/29/2-dead-in-overnight-crash-on-south-side,"2 passengers ejected from car, killed, 4 hurt after driver hits fire hydrant in Bronzeville",Chicago Sun-Times,"The uninjured driver is in custody after the crash late Sunday at 47th and State streets, police said. A 25-year-old man and a 22-year-old woman were killed.",
2310ba94a38268a48436e96a3270a7c7452edb4833e268802d313ed302401b81613459ac7ad8667a69c71f4941ec29b6a71b0396ee92f1051f634515876046bf,2026-06-30,https://www.fox32chicago.com/news/chicago-dui-crash-jackson-park,Chicago man charged with DUI in crash that killed 2 in Jackson Park,FOX 32 Chicago,"Lance Cunningham, 24, was charged with 2 counts of reckless homicide, 2 counts of aggravated DUI causing death, 2 counts of aggravated DUI causing bodily harm, and issued 4 citations related to speeding and reckless driving, and driving without insurance",
352c9b1db777aed91e2211bea832491ed114020dc38a28f5c30250fd1e77df7da389c9df4084514088fce9cecaedabde218e7e799e7d8017d55a1ae1cf42ed83,2026-07-08T10:57:35Z,https://abc7chicago.com/post/motorcycle-driver-critically-injured-nw-side-hit-run-pulaski-road-chicago-police-say/19468737/,"Motorcycle driver critically injured in NW Side hit-and-run, Chicago police say",ABC 7 Chicago,"A motorcyclist ran a red-light and struck a black sedan, which fled the scene, police said. The motorcyclist was in critical condition and was issued with 4 citations.",
,2026-07-09T00:43:24+00:00,https://chi.streetsblog.org/2026/07/08/this-year-people-for-bikes-city-rating-rated-chicago-as-tied-with-el-paso-as-the-worst-large-us-city-for-biking-heres-cdots-response,This year People for Bikes' City Ratings ranked Chicago as tied with El Paso for the worst large U.S. city for biking. Here's CDOT's response.,Chicago Streetsblog,"People for Bikes ranked Chicago in last place, tied with El Paso, TX, out of 73 American cities with at least 300,000 people.
",
7aca0486ee215a76d88ecb5476d83613dec035137eb214a4bf6057176c561c287ab7735d14940f0692f7245cec62452068f639d06ccc5f97cd7bfb3712c87b9c,2026-07-09T11:11:09Z,https://abc7chicago.com/post/pedestrian-struck-critically-injured-dusable-lake-shore-drive-downtown/19474520/,"Pedestrian struck, critically injured on DuSable Lake Shore Drive downtown",ABC 7 Chicago,"A man was seriously hurt in a hit and run on DuSable Lake Shore Drive Wednesday night, Chicago police said.",
7305961b2b09b5761453a9ee5c35f3ba62c2a64f9a5ec4ed44b1835cb8edf400fe4615dd9ed189860b758d286d3360f7f8dfc243d522e3466c5032c072ddb503,2026-07-09T13:00:00+00:00,https://blockclubchicago.org/2026/07/09/logan-square-cyclist-wants-driver-who-hit-him-found-as-he-recovers-from-injuries/,Logan Square Cyclist Wants Driver Who Hit Him Found As He Recovers From Injuries,Block Club Chicago,"Friends are raising money to help Connor Brogan, who was biking eastbound on Armitage last week when he was hit by a green Jeep pickup that fled the scene, police said.",
67b8fcd733a0d172190e46e69d0cf71b1a05d2532fdf2cd433ce43a6d7e35e9385ba8df3b7b51615f15609a90315cea34804d51b59d73a87d1f95e4efd3ee685,2026-07-09T13:05:00+00:00,https://blockclubchicago.org/2026/07/09/ashland-avenue-intersection-where-pilsen-bride-to-be-was-killed-to-get-safety-improvements/,Pilsen Intersection Where Bride-To-Be Was Killed To Get Safety Improvements,Block Club Chicago,Plans to install a pedestrian island and other upgrades were announced almost a year after 22-year-old Marcela Herrera was fatally struck in a hit-and-run and a week after her family launched a petition.,
49e279f9e1e8cc12ac9f45db9f4acef3ee6da58d8b426f3a10d57c7579a23c6e90078e18ec90dceec1496544b2b0ff0593b2201793eaebd676afa562bedab53c,2026-07-10T12:48:08.630Z,https://chicago.suntimes.com/crime/2026/07/10/motorcyclist-33-killed-during-collision-with-car-in-dunning,"Motorcyclist, 33, killed in Dunning crash",Chicago Sun-Times,The male motorcyclist ran a red light and hit a Toyota Prius in the 4400 block of North Cumberland Avenue early Friday morning. The Prius driver had minor injuries.,
2339a875aa845a5b0d007e94c448d87b4b36066dd287fbb5cf0d53bec4c9f445b7cd1ff8afbb82baccf054416484fd9265f0a4c44377f86998d457bd2ab63280,2026-07-11T10:24:00Z,https://abc7chicago.com/post/child-woman-critically-injured-car-motorcycle-crash-6700-block-south-damen-avenue-west-englewood-chicago-police/19485304/,"Motorcycle crash leaves woman dead, 9-year-old girl critically injured in West Englewood: police",ABC 7 Chicago,"Two men were heading southbound on Damen Avenue in a black SUV when they collided with the motorcycle, which was traveling eastbound. The motorcyclist, a 36-year-old woman, and her passenger, a 9-year-old girl, suffered critical injuries. The woman was taken to the University of Chicago Medical Center, where she was later pronounced dead.",
9dd096d63507ef487989ffee146cc8e283b0d5c3e7c43bd45d37deb4c32f9f3237c564a9904b0741ffa807a18ea9e242e7019d5e6e329cc8ed4ecee2e8c01583,2026-07-11T11:48:00Z,https://abc7chicago.com/post/jawaan-chick-another-person-killed-semi-car-crash-2700-block-east-130th-street-hegewisch-chicago-police/19485533/,Officials ID 1 of 2 people killed in crash involving semi on Far South Side,ABC 7 Chicago,"The Cook County Medical Examiner's Office identified one of the victims as 33-year-old Jawaan Chick. The other victim's name was not immediately released.
",
,2026-07-16T12:50:00+00:00,https://blockclubchicago.org/2026/07/16/after-4-deaths-at-norwood-park-metra-crossing-safety-improvements-underway/,"After 4 Deaths At Norwood Park Metra Crossing, Safety Improvements Underway",Block Club Chicago,"Work on a four-quadrant gate system that closed the crossing to drivers began last week. Since 2010, there have been 12 collisions at the crossing.",
2339a875aa845a5b0d007e94c448d87b4b36066dd287fbb5cf0d53bec4c9f445b7cd1ff8afbb82baccf054416484fd9265f0a4c44377f86998d457bd2ab63280,2026-07-17,https://wgntv.com/news/chicagocrime/police-search-for-driver-involved-in-far-south-side-hit-and-run-that-left-2-injured/,Police search for driver involved in Far South Side hit-and-run that left 2 injured,WGN-TV,"On Friday, police shared photos of the Acura sedan, which officers believe may be an ILX model. Police said the vehicle, which has front-end damage and a missing front bumper, has an Illinois license plate with the tag number FM92327.
",
326b4e02c8c59d7a6d346c1431a7704686e31566904c25cc10582a5aabe1fd49bbd818abde9fb52113d4d2d8059e80f3e519b8a93df92b739ee2ddecb417a46f,2026-07-17,https://wgntv.com/news/chicago-news/man-charged-with-reckless-homicide-after-allegedly-racing-on-stony-island/,Man charged with reckless homicide after allegedly racing on Stony Island,WGN-TV,"Troshawn McCoy, of Frankfort, was charged with reckless homicide after allegedly crashing into a car while racing on Stony Island Avenue. Haroon Arrasheed, 50, was driving a Mini Cooper and approaching the intersection when he was struck.
",
,2026-07-18T00:33:28+00:00,https://chi.streetsblog.org/2026/07/17/the-bike-crash-deaths-of-transportation-planners-riley-oneil-and-louisa-gag-should-be-a-turning-point-for-safe-streets,The crash deaths of transportation planners Riley O'Neil and Louisa Gag should be a turning point for Safe Streets,Chicago Streetsblog,"The last two months have been heartbreaking for sustainable transportation professionals and advocates in Chicago and Boston, where two hauntingly similar bike crashes took the lives of well-loved Complete Streets planners Riley O’Neil and Louisa Gag. But there’s reason to be hopeful that these tragedies will spur new political support for Vision Zero efforts in these cities
",
,2026-07-19T10:00:31+00:00,https://www.chicagotribune.com/2026/07/19/bike-lane-ticketing-fines-delivery-companies/,Chicago bike lane ticketing program records big fines against delivery companies,Chicago Tribune,A bike lane ticketing program meant to make busy downtown streets safer for cyclists and pedestrians has found package delivery giants among its most consistent scofflaws.,
,2026-07-21T23:44:03+00:00,https://chi.streetsblog.org/2026/07/21/tragically-motorists-have-struck-and-killed-at-least-three-more-pedestrians-on-chicago-streets-in-2026,"Tragically, motorists have struck and killed at least three more pedestrians on Chicago streets in 2026",Chicago Streetsblog,Streetsblog roundup of the fatal crashes involving vulnerable road users this year so far,
55d44213140c57d958dcf25c868ff4cc1313899227a4a272c8444575c05b6f4abd225d2faf113119288fc84f330e0a27e202e70869c2efdb44b55bb2b8ea1721,2026-07-21T23:44:03+00:00,https://chi.streetsblog.org/2026/07/21/tragically-motorists-have-struck-and-killed-at-least-three-more-pedestrians-on-chicago-streets-in-2026,"Tragically, motorists have struck and killed at least three more pedestrians on Chicago streets in 2026",Chicago Streetsblog,"According to Police News Affairs, on Monday, February 16, at around 7:30 p.m., officers went to Ingalls Hospital in response to a crash in the 11900 block of South Halsted Street in West Pullman.
",
,2026-07-23T04:57:52+00:00,https://chi.streetsblog.org/2026/07/22/the-dutch-reach-is-not-the-answer,"The ""Dutch Reach"" is not the answer to Chicago's bike safety problems",Chicago Streetsblog,"An op-ed from Chris Ridgeway, co-chair of the Chicago Bike PAC, arguing that the emphasis on the ""Dutch Reach"" is a distraction from systemic changes needed to make Chicago truly safe for cyclists.",
,2026-07-24T03:33:47+00:00,https://chi.streetsblog.org/2026/07/23/bike-lanes-should-always-use-protection-but-officials-say-they-usually-shouldnt-go-both-ways,Bike lanes should always use protection. But officials say they usually shouldn't go both ways.,Chicago Streetsblog,"Streetsblog editor John Greenfield asks the CDOT why two-way protected lanes aren’t more common in the Windy City.
",
bb0df05fbedbb24ac65a350806e3d4cd78bf6715a52bf2c82c5fe88df88e2c3650246ad7855d3f17e1a323bebc0d57095c92fdbd54b5a762186ca8cae7843616,2026-07-26T02:25:00Z,https://abc7chicago.com/post/lake-shore-drive-crash-today-1-killed-motorcycle-2200-block-north-dusable-gold-coast-chicago/19577216/,"Motorcyclist killed in Lincoln Park crash, police say",ABC 7 Chicago,"A motorcyclist was killed in a crash on the city's North Side on Saturday evening, Chicago police said.",
65e1773f9f62b48ef6c4217cbb6bfa290fc568a9e2d7be5d9c4b45b6afbf43aa0c18b18b8ffa7d95315c230beed21818637d234df438f0801dc6bf5b1ffacd5a,2026-07-27T09:52:28-05:00,https://www.nbcchicago.com/news/local/4-nw-suburban-teens-killed-after-car-speeds-off-bridge-crashes-into-train-in-chicago/3966442/,"4 NW suburban teens killed after car speeds off bridge, crashes into train in Chicago",NBC 5 Chicago,"The incident stemmed form a police pursuit, with the driver of the car veering off a bridge and then crashing into the boxcar of a freight train. The four teens killed were all from the northwest suburbs, including Woodstock, Crystal Lake and Palatine.",
7124acd2d5163a826bdda12e9244e87e4e7a45f751a650c9711b75d49555106b9b2900b195e25da6120a7b862154c01fe3573d5d50757458653149879f1251b8,2026-07-27T15:49:17.663Z,https://chicago.suntimes.com/news/2026/07/27/pedestrian-killed-in-gage-park-crash,Pedestrian killed in Gage Park crash,Chicago Sun-Times,"An SUV southbound on South Western Avenue struck and killed a 63-year-old man late Sunday, police said.",
ae5d6bffbda7bb05c57648dc88d369638d86d822e5e44fadd267ace6a1e9a466d3d7942811e675635d753de4b20ac1e566c2d28d6f3891341110c22e58522ab7,2026-07-28,https://api.chicago.gov/filenet5/servlets/getDocumentContent?applicationId=CompleteStreets&documentId=%7B601CB99F-0000-C917-A80A-59C827820B0F%7D,Traffic Fatalities in the City of Chicago: June 2026 Update,api.chicago.gov,"CPD report summary: Driver disregarded red light and struck pedestrian in the crosswalk at a high rate of speed.
",
cb8edcf8038abb09bea655475629ffb2ea644d0342a362f684446daf848a4f5b3e1faa562399952743664972ec58b38eb4b4bf1a83d6f0ba5e0eecc4d63bb4a9,2026-07-29,https://www.fox32chicago.com/news/chicago-police-atv-driver-critical-condition-crash-suv,ATV driver dies after crash with SUV on Chicago's Northwest Side,FOX 32 Chicago,A 22-year-old ATV driver has died after a crash with an SUV Tuesday night in Chicago's Belmont Cragin neighborhood. Here's what police say.,
bbf1102d5b849a312413b079de18fa8ee926315bb352010cd58279d009cda67fb6777e62bb35c8bbd191eeb7f43c5eb312b220ef61280b53d27eb1d7fba144b6,2026-07-29T13:12:00+00:00,https://blockclubchicago.org/2026/07/29/drivers-have-run-over-flipped-off-and-cursed-out-chicagos-traffic-aides-for-doing-their-jobs/,"Drivers Have Run Over, Flipped Off And Cursed Out Chicago’s Traffic Aides For Doing Their Jobs",Block Club Chicago,"On May 18, a supervising traffic control aide with over 20 years of experience was struck by a driver near Soldier Field.",
,2026-07-29T13:55:00+00:00,https://blockclubchicago.org/2026/07/29/as-beverly-speed-cameras-continue-to-rack-up-tickets-one-camera-could-be-on-the-move/,"As Beverly Speed Cameras Continue To Rack Up Tickets, One Camera Could Be On The Move",Block Club Chicago,A 19th Ward speed camera could be moved to cover one of two schools on 111th Street based on requests from community members and data from the Chicago Department of Transportation.,
,2026-07-29T15:25:34+00:00,https://activetransportation.org/blog/state-lewalking-and-biking-infrastructure-gets-showcased/,"A couple of Chicago’s walking, biking, and transit spaces take center stage for visiting state legislators",Active Transportation Alliance,"If an out-of-town guest wanted to see some of Chicago’s iconic spaces related to walking, biking, and transit, where would […]",
e4c6df2fb91c6c131675c6cb9957a6a868f72fc0106c0d2ecca737fc874d33af19cf9ada69ef67495a0f07ba0ed4815e59e72f303baf1a7c2bf93d6398255981,2026-07-30T22:42:20Z,https://abc7chicago.com/post/little-village-chicago-community-council-member-belesda-toledo-killed-hamlin-avenue-25th-street-hit-run-crash/19603553/,Little Village Community Council member killed in hit-and-run crash coming home from grocery store,ABC 7 Chicago,Family members and community leaders are mourning the loss of a Little Village woman who died after a hit-and-run crash.,
41f44cf73e0dda26a633055a35afa1eaca5b96ec4648a85aa248dffc54f8e8ff4f09cb96ad5e80ba10be151ef85f2ac9a820ce5761c232169726bb42c8f5f89d,2026-08-03T11:09:28.866Z,https://chicago.suntimes.com/crime/2026/08/03/3-year-old-girl-3-cops-among-5-hurt-in-washington-park-crash,"3-year-old girl, 3 cops among 5 hurt in South Side car crash",Chicago Sun-Times,"The girl suffered a broken leg, and a 41-year-old passenger suffered a broken neck Sunday night after their sedan was hit by an unmarked police car, Chicago police said. Three officers were taken to the hospital with minor injuries.",
,2026-08-04T04:16:00Z,https://abc7chicago.com/post/west-town-chicago-car-crash-vehicle-remains-lodged-townhome-collision-mallory-john-baquero-say/19622147/,'A car is in our house': Vehicle remains lodged in couple's West Town townhome after crash,ABC 7 Chicago,The couple was told that the car cannot be removed until there's an inspection by the Buildings Department.,
e4c6df2fb91c6c131675c6cb9957a6a868f72fc0106c0d2ecca737fc874d33af19cf9ada69ef67495a0f07ba0ed4815e59e72f303baf1a7c2bf93d6398255981,2026-08-04T13:00:49+00:00,https://blockclubchicago.org/2026/08/04/little-village-neighbors-want-justice-for-mother-of-4-killed-in-hit-and-run/,Little Village Neighbors Want Justice For Mother Of 4 Killed In Hit-And-Run,Block Club Chicago,"Neighbors held a block party and fundraiser in memory of Belesda Toledo, 47, who was killed last week while crossing the intersection of Hamlin and 25th Street.",
0a1ec1ff1ed60ac34da4ee2e1e5a1b126cc1caad3553ca5c677f5a0940be51ddfcfcbf452e330ab839ef037809c0293c63728585fb0ebebbb481d15087ce65d9,2026-08-05,https://www.fox32chicago.com/news/chicago-student-killed-e-scooter-crash-remembered-his-kindness-big-dreams,Chicago student killed in e-scooter crash remembered for his kindness and big dreams,FOX 32 Chicago,"16-year-old Alex Blacio, a Lake View High School senior, died after a crash involving a Lime e-scooter and a semi-truck in Chicago's North Center neighborhood.
",
e4c6df2fb91c6c131675c6cb9957a6a868f72fc0106c0d2ecca737fc874d33af19cf9ada69ef67495a0f07ba0ed4815e59e72f303baf1a7c2bf93d6398255981,2026-08-05T23:36:45+00:00,https://chi.streetsblog.org/2026/08/05/after-a-hit-and-run-truck-driver-fatally-struck-belesda-toledo-47-in-little-village-residents-hope-to-find-her-killer,"After a hit-and-run truck driver fatally struck Belesda Toledo, 47, in Little Village, residents hope to find her killer",Chicago Streetsblog,"Tragically, on Wednesday, July 29, at around 11:41 a.m., a hit-and-run truck driver struck and killed Belesda Toledo, 47, at 25th Street and Hamlin Avenue in Little Village. The motorist is still at large.
",
0a1ec1ff1ed60ac34da4ee2e1e5a1b126cc1caad3553ca5c677f5a0940be51ddfcfcbf452e330ab839ef037809c0293c63728585fb0ebebbb481d15087ce65d9,2026-08-06T10:00:57+00:00,https://www.chicagotribune.com/2026/08/06/north-center-teen-electronic-scooter-death/,Teen’s death in North Center highlights danger of electronic scooters: ‘They don’t make it very safe for them’,Chicago Tribune,Alex Blacio is at least the third teenager to die this year in a crash while riding an electric scooter in Chicago.,
6e37d88b7715fe52f97d9f869209071d5b70927beae1c7d8c1f3092de4b5955e56b886be9e05047836e5346b4fc76c8bf7f761d405c0ad30ed6e6a7775cbc631,2026-08-09,https://www.hickeyfuneral.com/obituaries/Sarah-Milcarek?obId=49211149,Obituary information for Sarah Milcarek,hickeyfuneral.com,"Sarah was a devoted animal lover, especially to her beloved cat, Penny Lane. She found joy in music, all things Disney and Star Wars, and her collection of stuffed animals. She also loved reading and savoring a good cup of coffee. Sarah will be remembered for her quick wit, kind spirit, and the unique joy she brought to those around her.
",
6e37d88b7715fe52f97d9f869209071d5b70927beae1c7d8c1f3092de4b5955e56b886be9e05047836e5346b4fc76c8bf7f761d405c0ad30ed6e6a7775cbc631,2026-08-10T21:56:41+00:00,https://chi.streetsblog.org/2026/08/10/hit-and-run-drive-who-killed-sarah-milcarek-25-on-5-lane-irving-park-road-arrested-after-causing-multi-vehicle-crash-fleeing-another-motorist-and-striking-tree,"Hit-and-run driver who killed Sarah Milcarek, 25, on Irving Park Road, arrested after causing multi-vehicle crash, fleeing another motorist, and striking tree",Chicago Streetsblog,"The collision took place seven blocks east of where a 47th Ward volunteer was fatally struck in 2022, which led to the Illinois Department of Transportation ceasing to obstruct pedestrian safety improvements in that location.",
1da26e0415ae170ac07ec308f5f4fe01a8eb273ef37f618d041a19d42a2a8bfc8ed9edad0c495e3b0380905d83474327b5798fe5dac4b4892a142e261b2546ed,2026-08-12T10:33:05Z,https://abc7chicago.com/post/man-dies-allegedly-crashing-parked-school-bus-augusta-boulevard-washtenaw-humboldt-park-chicago-police-say/19667174/,"Driver dies after crashing into parked school bus in Humboldt Park, Chicago police say",ABC 7 Chicago,"A man died after allegedly crashing into an unoccupied school bus in Humboldt Park, Chicago police said.",
6e37d88b7715fe52f97d9f869209071d5b70927beae1c7d8c1f3092de4b5955e56b886be9e05047836e5346b4fc76c8bf7f761d405c0ad30ed6e6a7775cbc631,2026-08-12T22:01:00Z,https://abc7chicago.com/post/judge-orders-electronic-monitoring-miroslaw-ciszek-man-charged-lakeview-hit-run-crash-killed-sarah-milcarek-25/19669635/,Judge orders electronic monitoring for man charged in fatal Lakeview hit-and-run crash,ABC 7 Chicago,"A man charged in a deadly weekend hit-and-run crash in Lakeview was placed on electronic monitoring instead of being detained while awaiting trial, a decision Cook County prosecutors say jeopardizes public safety.",
f9a6b2206ee0f1562a52dcbe9f885084eb3fc3937139f91e9bd2f0411056ca23b8ca0eafc92023c8e104e72adcb7add6779898b7bc1df54634697bf4d0bdd3f0,2026-08-17T09:34:00Z,https://abc7chicago.com/post/chicago-police-issue-alert-masked-dirt-bike-rider-involved-hit-run-lakefront-trail-path-gold-coast/19691157/,Chicago police issue alert on masked dirt bike rider involved in Lakefront Trail hit-and-run,ABC 7 Chicago,Chicago police have issued an alert about a masked dirt bike rider who was involved in a hit-and-run crash on the Lakefront Trail bike path in the Gold Coast last month.,
7cc2d03b472b47a69e0900ffa00321ed35c4fdb06b127f9245d32b57c7a724e54a4823000d0775ce9644d8158470f678486ad006d1a92531dafba6caf7788e71,2026-08-19,https://www.fox32chicago.com/news/chicago-crash-car-hits-pole,Chicago crash: 5 taken by ambulance after car hits pole,FOX 32 Chicago,"Five people were injured in a crash, three seriously, on Chicago’s South Side this morning. Here’s what we know.",
f4376640028e5bf2f1d2b383fcd42c52657cadb08178f209abc2b29ea55cc817fc00f2f5e26592e9c99e1fb2a38243a448b42f36672f7ddad18b8b2eff3a2d49,2026-08-19T10:14:00Z,https://abc7chicago.com/post/chicago-police-squad-car-involved-south-side-crash/19701863/,"3 injured, including 2 Chicago police officers, in South Side crash",ABC 7 Chicago,"Three people were injured, including two Chicago police officers, in a crash in the West Pullman neighborhood Wednesday morning, Chicago police said.",
bdaf62178e5a7c862e91487a7e21eb40112dd5630d23021cf99b998648606656be17211cda7ba44b19aca382896a50fc4e6d03098d09f5c5b291f8a1c1788ca0,2026-08-20T09:41:00Z,https://abc7chicago.com/post/woman-driving-motorcycle-killed-downtown-chicago-crash-dusable-lake-shore-drive/19707190/,"Woman riding motorcycle killed in DuSable Lake Shore Drive crash downtown, Chicago police say",ABC 7 Chicago,"Friends and fellow riders gathered to honor 49-year-old Mehnoosh Hatam, who was killed in a fiery crash while riding a motorcycle on DuSable Lake Shore Drive. She was a leader in Chicago's motorcycling community.",
bdaf62178e5a7c862e91487a7e21eb40112dd5630d23021cf99b998648606656be17211cda7ba44b19aca382896a50fc4e6d03098d09f5c5b291f8a1c1788ca0,2026-08-22T13:42:23-05:00,https://www.nbcchicago.com/news/local/driver-charged-with-dui-after-motorcyclist-struck-and-killed-on-dusable-lake-shore-drive/3978916/,Driver charged with DUI after motorcyclist struck and killed on DuSable Lake Shore Drive,NBC 5 Chicago,"Miracle Hall, 25, of Chicago, was charged with felony aggravated DUI/accident/death, misdemeanor driving under the influence of alcohol BAC 0.08 and various traffic citations after allegedly striking and killing a motorcycle rider on DuSable Lake Shore Drive late Wednesday, Chicago police said.",
,2026-08-25,https://www.chicagopolice.org/news/cpd-community-alert-11th-district-seeking-to-identify-hit-run/,"Community Alert – Major Accidents, 11th District – Hit & Run (JK381191)",Chicago Police Department,"This alert gives notice of a hit & run traffic crash with serious personal injury in the West Garfield Park neighborhood, 3800 block of W. Van Buren St. on August 20, 2026 at 11:53 p.m. A pedestrian was struck by an unknown vehicle that was traveling the wrong way on W. Van Buren St. from S. Hamlin Blvd.
",
3ba00401ec64b8dd8a1db5e9f12698fd83b9f154b26a2741bbaca32218451f9534d171312eaa0567a397eea0709d276f8de94fe7bc5175623a33297b52af34e6,2026-08-26,https://www.fox32chicago.com/news/e-bike-rider-injured-chicago-hit-and-run-says-driver-was-not-cited,E-bike rider injured in Chicago hit-and-run says driver was not cited,FOX 32 Chicago,A Chicago man is looking for answers after he says a driver hit him while he was riding his e-bike and left the scene.,
6c0f0a29a4cb2d189423b22aa85a1a2a3ba92975b4e1e3c91ea10468f225c77730fa8577df024789d0527f3a31c388775ba7c35baadf57bb6ab6ddd0ef5b2165,2026-08-27,https://wgntv.com/news/chicagocrime/chicago-man-accused-of-deadly-hit-and-run-crash-in-auburn-gresham-facing-felony-charges/,"Chicago man accused of deadly hit-and-run crash in Auburn Gresham facing felony charges
",WGN-TV,"Chicago police say 45-year-old Darryl Short has been charged with one felony count of reckless homicide and one felony count of leaving the scene of an accident causing injury or death, relating to a deadly crash on July 24, 2026, in the 2200 block of West 79th Street in Auburn Gresham.
",
6c0f0a29a4cb2d189423b22aa85a1a2a3ba92975b4e1e3c91ea10468f225c77730fa8577df024789d0527f3a31c388775ba7c35baadf57bb6ab6ddd0ef5b2165,2026-08-27T22:32:11.383Z,https://chicago.suntimes.com/crime/2026/08/27/motorist-accused-in-fatal-motorcycle-hit-and-run-in-ashburn-left-cell-phone-on-scene,Motorist accused in fatal motorcycle hit-and-run in Ashburn left cell phone on scene,Chicago Sun-Times,"Darryl Short, 45, was behind the wheel of a vehicle that hit three-wheeled motorcycle driver Churone Walls, 47, on July 24 in the 2200 block of West 79th Street, police said.",
62fc8379c6107168df4423dbd2021a7894966cf20ca55614ad58295477dff7430fc353ec9f707a1a006362886909f21cec8ec31d1a26a15d82b863107b7a8fa6,2026-08-29,https://www.fox32chicago.com/news/2025-fatal-south-side-crash-arrest-8-29,"Chicago man charged in 2025 crash that killed 2 passengers, CPD says",FOX 32 Chicago,"Gregory Carter, 28, was charged with two counts of reckless homicide in connection with a 2025 crash that killed two of his passengers on the city’s South Side.",
c6d35ae61905089720658f4d7ca0d48fc205b816553969ad5a678d3340a0d8c5e902368ba3da4226932654a58bc2cec5eccb00f508391473b4b1a87c5ad4d4c2,2026-08-29T16:47:27-05:00,https://www.nbcchicago.com/news/local/42-year-old-man-dies-after-crash-between-atv-suv-on-southwest-side/3982239/,"42-year-old man dies after crash between ATV, SUV on Southwest Side",NBC 5 Chicago,The man was riding an ATV on South Pulaski when he was involved in a collision with the driver of a Nissan SUV.,
cc3b32a58a2d4b58d061581c126f975b44449e431ec430f8478f5f968da434215c8396e1a6c035343caa3e136be1a78ebb0b301a440f4f1407ca158dd9384bd5,2026-08-29T23:30:33Z,https://abc7chicago.com/post/chicago-crash-man-riding-motorcycle-dies-south-archer-avenue-heights-police-say/19760613/,"Man riding motorcycle dies after crash in Archer Heights, Chicago police say",ABC 7 Chicago,"A man riding a motorcycle died after being hit by a vehicle Saturday afternoon on the city's Southwest Side, Chicago police said.",
1900e3a01ff9c6467d424cddc67afbb9951c5487ae4939888737c477bd5c5106f9bf4121efcdaea6d87d2063a9f3fa9a0625bf3dd1ac736e9940882139946850,2026-09-05T10:21:09-05:00,https://www.nbcchicago.com/news/local/man-dies-in-two-vehicle-crash-in-wicker-park-driver-cited/3985284/,"Man dies in two-vehicle crash in Wicker Park, driver cited",NBC 5 Chicago,"A crash involving an SUV and a sedan in Chicago's Wicker Park neighborhood left one man dead and a second in critical condition on Friday night, police said. The surviving driver was and issued a citation by law enforcement.",
2e5de187dc65de8a19c3320ddb7b2e2269d2856c3bbd77b50d3d495e83003af78ad460ffe31401106fe838370699b1f53d323070a15b150026c96006794387e9,2026-09-07T14:21:34+00:00,https://cwbchicago.com/2026/09/driver-gets-9-years-for-fiery-crash-that-killed-3-passengers-fleeing-south-side-street-takeover.html,Driver gets 9 years for fiery crash that killed 3 passengers fleeing South Side street takeover,CWBChicago,"An Aurora man who lost control of his car while speeding away from a South Side street takeover, resulting in a fiery crash that killed three of his passengers, has been given a nine-year prison sentence.",
548abd4bd3fa5b71eca48c5f54ff7c07f89474ef8d6e5fa02fd0c2139630ee071c588cd1621ad69eb9d4fcd79a96c86c35ca8626a7e2bdc49bc4bd0d00fdbdf3,2026-09-08T09:31:00Z,https://abc7chicago.com/post/1-injured-missing-vehicle-goes-little-calumet-river-far-south-side-chicago-police-say/19805226/,"Man killed, woman missing after SUV crashes into river on Far South Side, Chicago police say",ABC 7 Chicago,"An SUV lost control and drove into the Little Calumet River in West Pullman Tuesday morning; one man was killed and a woman is missing, Chicago police said. The driver was later cited for failure to reduce speed.",
548abd4bd3fa5b71eca48c5f54ff7c07f89474ef8d6e5fa02fd0c2139630ee071c588cd1621ad69eb9d4fcd79a96c86c35ca8626a7e2bdc49bc4bd0d00fdbdf3,2026-09-09,https://www.fox32chicago.com/news/man-killed-little-calumet-river-crash-identified-woman-missing,"Man killed in Little Calumet River crash identified; missing woman's body located, activist says",FOX 32 Chicago,"The Cook County medical examiner identified Trumayne Sanders, the man killed Tuesday when the vehicle he was riding in crashed into the Little Calumet River on Chicago’s South Side. Meanwhile, a community activist said the body of Ralphelle Howard, who was missing after the crash, has been located.",
6c0f0a29a4cb2d189423b22aa85a1a2a3ba92975b4e1e3c91ea10468f225c77730fa8577df024789d0527f3a31c388775ba7c35baadf57bb6ab6ddd0ef5b2165,2026-09-09T19:21:13+00:00,https://cwbchicago.com/2026/09/driver-hit-woman-on-three-wheeler-at-63-mph-asked-if-he-had-killed-someone-then-walked-away-prosecutors.html,"Driver hit woman on three-wheeler at 63 mph, asked if he had killed someone, then walked away: prosecutors",CWBChicago,"Darryl Short, 45, was going 63 mph in a 30 mph zone when he slammed into a woman on a three-wheeled motorcycle, prosecutors said. Then he got out, asked a witness if he had killed someone, and walked away.",
548abd4bd3fa5b71eca48c5f54ff7c07f89474ef8d6e5fa02fd0c2139630ee071c588cd1621ad69eb9d4fcd79a96c86c35ca8626a7e2bdc49bc4bd0d00fdbdf3,2026-09-10,https://www.fox32chicago.com/news/family-demands-answers-after-finding-missing-woman-little-calumet-river-themselves,Family demands answers after finding missing woman in Little Calumet River themselves,FOX 32 Chicago,"The family of 26-year-old Ralphelle Howard is demanding answers after she went missing following an SUV crash into the Little Calumet River and three people who grew up with her later found her body themselves in less than a minute.
",
cf97861dabce9f6f4d494310225d7c631f6ed4b636540a2bc2416753748b86e09e1743a47339ade44d3320fd1459b16e6ea9ab045b5b4dd6bde2d2d02aa2e1cc,2026-09-15,https://www.martinezfuneralhome.com/obituaries/juan-martin-marquez-luna?ttm_pid=212263039&ttm_affiliate=legacypro&ttm_affiliatetype=standard&ttm_campaign=legacy,Juan Martin Marquez Luna Obituary,martinezfuneralhome.com,"Con profunda tristeza, pero con el corazón lleno de gratitud por su vida, anunciamos el fallecimiento de nuestro amado padre, Juan Martín Márquez Luna, quien partió el pasado 15 de Septiembre de 2026 a la edad de 54 años.Nacido en Lagos de Moreno, Jalisco, México, la vida de Juan Martín estuvo marcada desde sus inicios por la fe y el servicio. Pasó su infancia creciendo en el entorno de una iglesia, Iglesia de las Capuchinas, donde sirvió con devoción como monaguillo. Esas primeras experiencias forjaron al hombre generoso, noble y de valores inquebrantables que todos conocimos y amamos.
",
cf97861dabce9f6f4d494310225d7c631f6ed4b636540a2bc2416753748b86e09e1743a47339ade44d3320fd1459b16e6ea9ab045b5b4dd6bde2d2d02aa2e1cc,2026-09-17T11:46:00Z,https://abc7chicago.com/post/chicago-crash-juan-martin-marquez-luna-idd-man-bike-killed-hit-run-south-archer-avenue-garfield-ridge/19843167/,E-bike rider killed in Garfield Ridge hit-and-run identified by officials,ABC 7 Chicago,"The e-bike rider was taken to Christ Hospital in critical condition, police said. The victim died on Tuesday. He was identified as Juan Martin Marquez Luna of Chicago.
",
cf97861dabce9f6f4d494310225d7c631f6ed4b636540a2bc2416753748b86e09e1743a47339ade44d3320fd1459b16e6ea9ab045b5b4dd6bde2d2d02aa2e1cc,2026-09-17T23:26:47+00:00,https://chi.streetsblog.org/2026/09/17/death-of-juan-martin-marquez-luna-at-the-same-intersection-where-maria-ochoa-was-fatally-struck-last-year-underscores-the-need-for-a-safer-archer-avenue,"Driver ran red and killed e-moto rider Juan Martin Marquez Luna, at the same intersection where pedestrian Maria Ochoa was fatally struck last year",Chicago Streetsblog,"Tragically, a hit-and-run pickup driver who blew a red light fatally struck “e-moto” rider Juan Martin Marquez Luna, 54, on Monday morning at Archer and Laramie avenues in Garfield Ridge. Compounding the tragedy, last year at the same intersection, a turning SUV driver who failed to yield caused the death of pedestrian Maria Ochoa, 84.
",
9b5b25c429b6c3bc7426e63f83766ee66b5084b607ffae0ff8102fffaaad7d781c215fd6d62c5ad9053d6f702bf1fb6b5d28f76ece0c6622b437d54af1d2a46b,2026-09-19T10:47:26Z,https://abc7chicago.com/post/car-crash-lake-shore-drive-today-pedestrian-hit-killed-trying-cross-gold-coast-chicago-police-say/19849299/,"Man hit, killed by sedan while trying to cross Lake Shore Drive in Gold Coast: police",ABC 7 Chicago,"A sedan hit and killed a man who was trying to cross Lake Shore Drive on the city's North Side early Saturday morning; no citations were issued, Chicago police said",
